货号,货名,店销数量,外联销售数量,总销售数量,定价,出版日期,版别,出版社,MC_R3 分类,MC,库存,上一次进货日
9789620434587,轻松学汉语（第三版）简体课本一,0,50,50,43.68,2015/1/27,集团版,三联书店(香港)有限公司,对外汉语学习,中文书,104,2024/12/25
9789620434655,轻松学汉语（第三版）简体练习册一,0,50,50,31.2,2015/1/27,集团版,三联书店(香港)有限公司,对外汉语学习,中文书,96,2024/12/25
2221131105220,无纺布手提袋,44,0,44,0.5,, 文具版,,环保袋,非书类,380,2025/6/15
2221131106050,结婚请帖,40,0,40,1.39,, 文具版,,结婚咭,非书类,231,2025/6/15
2221131073116,Apartment Lease  (T186),22,0,22,5.5,, 文具版,,账簿／租约,非书类,25,2025/5/13
2570238,故事会,17,0,17,2,, 国版,上海文艺出版社,消闲杂志 \ 其他,中文书,0,2025/7/24
6948209100012,曹素功油烟书画墨汁100克,11,5,16,7,, 文具版,,墨汁,非书类,42,2025/4/28
2221131003960,单支国画颜料 (12ml),15,0,15,2.25,, 文具版,,中国画颜料,非书类,2784,2024/8/29
6972404664611,国风文字胶套笔记本,13,0,13,1.3,, 文具版,,日记簿,非书类,17,2025/6/15
10051805,读者,10,0,10,3.3,, 国版,,文学杂志,中文书,0,2025/7/24
10093567,兵器（杂志）,10,0,10,6,2010/6/15, 国版,兵器杂志社,武器杂志,中文书,0,2025/7/24
1003255X,民间故事选刊,10,0,10,3,, 国版,民间故事选刊杂志社,消闲杂志 \ 其他,中文书,0,2025/7/24
9789620434662,轻松学汉语（第三版）简体练习册二,0,10,10,31.2,2015/1/27,集团版,三联书店(香港)有限公司,对外汉语学习,中文书,72,2024/8/31
9789620434594,轻松学汉语（第三版）简体课本二,0,10,10,43.68,2015/1/27,集团版,三联书店(香港)有限公司,对外汉语学习,中文书,40,2024/8/31
2221131090861,加厚宣纸软卡内圆形外麻内白（24*27cm）,9,0,9,11,, 文具版,,宣纸,非书类,50,2025/6/15
9789620437021,轻松学汉语（第三版）繁体课本五,0,9,9,59.28,2016/12/12,集团版,三联书店(香港)有限公司,对外汉语学习,中文书,0,2024/8/31
2221131104629,大号红包封(6个),9,0,9,2.5,, 文具版,,礼封／红包袋,非书类,283,2025/6/15
6948209100036,曹素功高级油烟书画墨汁250克,8,0,8,12,, 文具版,,墨汁,非书类,17,2023/8/21
16724054,兵工科技 (半月刊）,8,0,8,7.5,, 国版,兵工科技杂志社,武器杂志,中文书,0,2025/7/24
10079076,民间传奇故事,7,0,7,3.2,, 国版,民间传奇故事杂志社,消闲杂志 \ 其他,中文书,0,2025/7/24
6972404664604,古风励志文字A5笔记本,6,0,6,1,, 文具版,,日记簿,非书类,14,2025/6/15
2221131014782,五毛毽子(大),6,0,6,2.75,, 文具版,,其他体育用品,非书类,101,2025/2/20
2221131086598,安徽加厚A级特净四尺宣（五张）,5,0,5,10,, 文具版,,宣纸,非书类,59,2024/9/23
10004912,兵器知识,5,0,5,6.2,, 国版,<兵器知识>杂志社,武器杂志,中文书,0,2025/7/24
4891081190010,#1153 Writing Exercise,5,0,5,1,, 文具版,,格仔簿,非书类,0,2024/12/25
16713273,舰载武器（月刊）,5,0,5,5,, 国版,郑州机电工程研究所,武器杂志,中文书,0,2025/7/24
2221131009405,小衣纹毛笔,5,0,5,3,, 文具版,,毛笔,非书类,13,2025/1/7
10073841,意林 (月刊),5,0,5,2.9,, 国版,,文化与生活杂志,中文书,0,2025/7/24
2221131104544,复古牛皮纸每日计划本,5,0,5,1.2,, 文具版,,日记簿,非书类,0,2025/2/20
6923052268249,A5记事本(26张),5,0,5,1.1,, 文具版,,日记簿,非书类,45,2025/6/15
6974491913856,64K小本子,5,0,5,2,, 文具版,,日记簿,非书类,27,2025/6/15
9789881756329,红太阳是怎样升起的（简体版）－－延安整风运动的来龙去脉,1,4,5,52.5,2011/7/1, 港版,中文大学出版社,中国现代史,中文书,36,2025/4/30
20955189,国家人文历史,5,0,5,6.8,, 国版,人民日报出版社,中文杂志 \ 其他,中文书,0,2025/7/24
6972273875347,卡通动物贴纸 (10张),5,0,5,3.5,, 文具版,,礼品＼贴纸,非书类,54,2025/6/15
2221131005520,中华牌101绘图铅笔,5,0,5,0.6,, 文具版,,铅笔,非书类,927,2024/9/11
2221131021315,益寿文摘,4,0,4,4.5,, 国版,安徽省老年医疗保健研究所,卫生常识杂志,中文书,4,2025/7/24
6970323811673,中柏牌小楷秀丽笔,4,0,4,4,, 文具版,,科学毛笔,非书类,159,2025/2/20
6970323811697,中柏牌大楷秀丽笔,4,0,4,4,, 文具版,,科学毛笔,非书类,1,2025/2/20
2221131082255,立体贺卡6.99元,4,0,4,6.99,, 文具版,,节日贺卡,非书类,281,2025/1/7
4717335400813,林三益 24格毛边纸（100张入）,4,0,4,7,, 文具版,,九宫格纸,非书类,105,2025/5/23
2221131066545,二尺杂色绫白底横轴（40x107cm）,4,0,4,18,, 文具版,,停用 - 书写用纸类＼画纸,非书类,26,2025/4/28
2221131088462,丝绸挂画卷轴(100*30cm),4,0,4,29,, 文具版,,其他文娱礼品类,非书类,118,2025/6/15
2221131079705,洒金七言瓦当(二张),4,0,4,1.6,, 文具版,,其他书法用纸,非书类,27,2022/6/12
2221131082613,描红本字帖,4,0,4,2.8,, 文具版,,其他书法用纸,非书类,21,2022/8/24
2221131107347,小海豚毛绒公仔,4,0,4,5,, 文具版,,其他礼品,非书类,20,2025/6/15
6936281400823,牛皮面草稿本,4,0,4,1,, 文具版,,其他簿类,非书类,48,2025/2/20
6972404664512,励志A7线圈本,4,0,4,1,, 文具版,,日记簿,非书类,54,2025/6/15
10007385,现代兵器,4,0,4,6.5,, 国版,,武器杂志,中文书,0,2025/7/24
10000119,航空知识,4,0,4,5.7,, 国版,航空知识杂志社,武器杂志,中文书,0,2025/7/24
2221131082668,善琏湖珍木小兼毫,4,0,4,5.7,, 文具版,,毛笔,非书类,17,2025/1/7
2221131094180,四尺云龙皮纸(5张),4,0,4,10,, 文具版,,宣纸,非书类,9,2020/10/25
2221131103943,三尺麻宣 (五张),4,0,4,7,, 文具版,,宣纸,非书类,27,2025/7/22
2221131073123,House Lease (A54),4,0,4,5.5,, 文具版,,账簿／租约,非书类,46,2024/10/20
10004157,知音,4,0,4,3,, 国版,知音杂志社,文化与生活杂志,中文书,0,2025/7/24
2221131090212,马里牌95浓缩广告颜料,3,0,3,6.5,, 文具版,,广告彩,非书类,56,2024/8/29
2221131100959,四尺元书纸 (5张),3,0,3,9,, 文具版,,宣纸,非书类,2,2022/6/12
2221131101703,心经字帖（30张）,3,0,3,10,, 文具版,,宣纸,非书类,32,2025/5/20
2221131101727,二尺大红横轴67*30cm,3,0,3,17,, 文具版,,宣纸,非书类,16,2023/10/11
2221131008743,特级中国书画宣纸 19in X 71in  (10 Sheets),3,0,3,22,, 文具版,,宣纸,非书类,24,2023/3/23
2221131002826,一两金不换墨条,3,0,3,5,, 文具版,,墨条,非书类,70,2025/1/7
2221131092087,1尺太极扇,3,0,3,11,, 文具版,,其他体育用品,非书类,27,2024/6/6
2221131100737,依纹狼毫勾线笔中,3,0,3,3.5,, 文具版,,毛笔,非书类,1,2022/2/3
2221131104209,遂文轩得心正楷小号,3,0,3,5.3,, 文具版,,毛笔,非书类,86,2025/1/7
2221131105855,水墨小楷毛笔,3,0,3,6.5,, 文具版,,毛笔,非书类,44,2025/7/12
4901681566761,WF-1秀丽小楷笔-黑,3,0,3,4.99,, 文具版,,毛笔,非书类,36,2025/2/20
10004831,上海故事,3,0,3,1.9,, 国版,上海故事杂志社,消闲杂志 \ 其他,中文书,0,2025/7/24
6935156501306,选料中白云,3,0,3,5,, 文具版,,毛笔,非书类,32,2025/2/20
10007148,舰船知识,3,0,3,6.9,, 国版,鉴船知识杂志社,武器杂志,中文书,0,2025/7/24
2221131009412,大衣纹毛笔,3,0,3,3.5,, 文具版,,毛笔,非书类,12,2025/1/7
2221131007968,抚河牌紫狼毫小红毛,3,0,3,4.8,, 文具版,,毛笔,非书类,39,2022/9/13
2221131008361,周虎臣七紫三羊毛笔,3,0,3,8.5,, 文具版,,毛笔,非书类,8,2024/5/20
6964020070099,A7小笔记本,3,0,3,1,, 文具版,,日记簿,非书类,15,2024/9/23
4891081170388,巨人牌 COPY BOOK(CAPITAL CURSIVE)大草,3,0,3,0.7,, 文具版,,其他簿类,非书类,780,2023/5/24
4891081170395,巨人牌 COPY BOOK(Small -Cursive)小草,3,0,3,0.7,, 文具版,,其他簿类,非书类,687,2023/5/24
4901681565962,ZEBRA WF-3 秀丽笔中楷笔-黑,3,0,3,4.99,, 文具版,,其他笔类,非书类,43,2025/2/20
6921734927088,得力四色圆珠笔,3,0,3,2.5,, 文具版,,原子笔,非书类,19,2025/7/12
2221131100195,圆形陶瓷小水碟,3,0,3,2,, 文具版,,其他书写配件类,非书类,61,2025/6/15
6926580504209,24格米字格毛边纸(5.5cm*24格50页),3,0,3,5.5,, 文具版,,其他书写用纸类,非书类,48,2025/1/7
2221131082514,4寸小墨碟,3,0,3,8,, 文具版,,其他书写配件类,非书类,35,2025/6/15
4717335400776,林三益 空白毛边纸（100张入）,3,0,3,7,, 文具版,,其他书法用纸,非书类,74,2025/5/20
2221131096528,嘉宾提名册,3,0,3,30,, 文具版,,其他礼品,非书类,23,2025/1/7
2221131093800,明贵特选笛膜,3,0,3,7.5,, 文具版,,其他文娱礼品类,非书类,42,2024/9/23
2221131088202,5.0双面皮革棋盘,3,0,3,8,, 文具版,,中国／国际象棋,非书类,31,2025/2/20
9787549529322,看见,3,0,3,29,2013/1/1, 国版,广西师范大学出版社,中国各体文学,中文书,0,2025/5/23
6933256608048,辉柏嘉1827双孔笔刨,3,0,3,5,, 文具版,,笔刨,非书类,9,2024/9/23
5290325,集邮,3,0,3,7.3,, 国版,人民邮电,邮票杂志,中文书,0,2025/7/24
6970323811222,中柏牌中楷秀丽笔,3,0,3,4,, 文具版,,科学毛笔,非书类,14,2023/10/11
2221131004905,长城牌尖脚订书钉 NO.369,3,0,3,2,, 文具版,,订书钉,非书类,14,2017/3/5
10042393,健康文摘,2,0,2,2.5,, 国版,,卫生常识杂志,中文书,0,2025/7/24
9789621455024,肠道健康不变胖！81个打造易变体质的秘诀,2,0,2,20.8,2014/6/1,集团版,万里机构‧万里书店,卫生常识,中文书,0,2014/9/16
10027157,中老年保健（月刊）,2,0,2,3.5,, 国版,中老年保健杂志社,卫生常识杂志,中文书,0,2025/7/24
9787122450791,漫画讲透黄帝内经,2,0,2,33.8,2024/5/1, 国版,化学工业出版社,自然科学 \ 概论,中文书,0,2025/5/23
9789869907484,英文口译大师教你3步骤打造完美英文发音（附Youtor App内含VRP虚拟点读笔/CD MP3格式）,2,0,2,32.5,2021/5/1, 台版,不求人,英语学习,中文书,0,2025/5/23
649402202501,Greeting Card,2,0,2,2.75,, 文具版,,节日贺卡,非书类,0,2024/12/17
6935156501290,选料小白云,2,0,2,4.1,, 文具版,,毛笔,非书类,32,2025/2/20
9789888548293,经络穴位速查手册,2,0,2,25.7,2019/11/1, 港版,天地图书有限公司,经脉穴位,中文书,0,2024/5/13
21200010323,3M 136 Double Stick Tape 3m(透明),2,0,2,3.99,, 文具版,,胶纸,非书类,0,2024/10/13
9786267444016,跟美国人学——食衣住行美语会话,2,0,2,29.2,2024/2/1, 台版,哈福,英语学习,中文书,0,2024/7/14
10045821,武当,2,0,2,5.5,, 国版,,运动杂志,中文书,0,2025/7/24
6976063890039,密胺中国象棋3.0,2,0,2,10,, 文具版,,中国／国际象棋,非书类,11,2025/2/20
9787530221532,活着（精）,2,0,2,26.3,2021/7/1, 国版,北京十月文艺出版社,中国各体文学,中文书,2,2025/5/23
9787201159096,德米安,2,0,2,33.8,2020/5/1, 国版,天津人民出版社,世界文学作品,中文书,0,2025/5/23
9780999694633,Learn to Speak Cantonese 2,2,0,2,24.99,2021/6/8,外文版,InspirLang,Chinese,英文书,3,2024/9/29
9787513945363,鞑靼人沙漠,2,0,2,33.8,2024/6/1, 国版,民主与建设出版社,世界文学作品,中文书,1,2025/2/19
2221131018124,知音-海外版,2,0,2,3.2,, 国版,,中文杂志 \ 其他,中文书,42,2025/7/24
2221131098645,KOKUTAKU海绵擦,2,0,2,2,, 文具版,,乒乓球用品,非书类,8,2023/7/9
9787559852533,翦商──殷周之变与华夏新生（精）,2,0,2,47.4,2022/10/1, 国版,广西师范大学出版社,中国通史及文化,中文书,0,2025/5/23
6901295489706,红双喜H1002横拍,2,0,2,25,, 文具版,,乒乓球用品,非书类,20,2024/9/23
9789888258369,天地翻覆（全三册）（第三版修订本）－－中国文化大革命史,0,2,2,97,2018/5/1, 港版,天地图书有限公司,中国历史专题史,中文书,16,2025/3/6
9789882190665,墓碑──中国六十年代大饥荒纪实（第十版修订本）（大字版）（全二册）,0,2,2,150,2009/6/1, 港版,天地图书有限公司,中国政治,中文书,4,2025/3/6
9787807259060,智永正书千字文,2,0,2,11,2010/1/1, 国版,上海书画出版社,中国书法刻印,中文书,1,2023/1/29
7501000948,汉张迁碑,2,0,2,5.5,1982/4/1, 国版,文物出版社,中国书法刻印,中文书,0,2025/5/23
2221131090694,旺旺虎布老虎,2,0,2,4.5,, 文具版,,其他文娱礼品类,非书类,15,2025/7/18
2221131090748,佛黄绫洒金黄色底竖轴（30*67cm）,2,0,2,20,, 文具版,,其他文娱礼品类,非书类,2,2019/11/13
2221131077800,乐器松香,2,0,2,3.5,, 文具版,,其他文娱礼品类,非书类,50,2025/3/25
2221131001348,牌九28#,2,0,2,28,, 文具版,,其他文娱礼品类,非书类,21,2025/2/20
2221131088110,金财硬胶套A4透明硬卡套,2,0,2,2,, 文具版,,其他其他文仪用品类,非书类,0,2022/11/28
2221131050438,天鹅口琴,2,0,2,23,, 文具版,,其他文娱礼品类,非书类,3,2024/11/7
6970113670015,kokutaku三星乒乓球K40+(10个）,2,0,2,13.9,, 文具版,,乒乓球用品,非书类,36,2024/6/6
2221131094845,印花宣纸信笺,2,0,2,6.5,, 文具版,,信纸,非书类,14,2025/6/15
6972404663683,古风诗词可粘便签本,2,0,2,1.2,, 文具版,,便条纸,非书类,38,2025/6/15
9787573510037,东野圭吾作品74——你杀了谁,2,0,2,34.5,2025/1/1, 国版,南海出版公司,侦探推理小说,中文书,0,2025/5/23
2221131107316,熊猫毛绒公仔12cm,2,0,2,9,, 文具版,,其他礼品,非书类,8,2025/6/15
2221131107590,米奇老鼠冰箱贴,2,0,2,3.9,, 文具版,,其他礼品,非书类,8,2025/6/15
4718050732739,初学描红习字帖 1,2,0,2,2.6,, 文具版,,其他书法用纸,非书类,14,2024/12/25
4718802500012,我爱中华 水书练习纸,2,0,2,5,, 文具版,,其他书法用纸,非书类,3,2023/3/23
2221131101949,圆形扇面粉彩宣纸33x33cm,2,0,2,9,, 文具版,,其他书法用纸,非书类,13,2025/2/20
2221131104650,空白万年红卡纸挂件,2,0,2,8,, 文具版,,其他书法用纸,非书类,70,2025/2/22
9787569405644,毛笔字帖,2,0,2,3.5,, 文具版,,其他书法用纸,非书类,31,2024/10/14
2221131106180,樱花陶瓷墨碟,2,0,2,7,, 文具版,,其他书写配件类,非书类,0,2025/5/20
2221131093411,水写本,2,0,2,18,, 文具版,,其他书法用纸,非书类,0,2025/5/20
4891081170364,巨人牌 COPY BOOK(大阶) CAPITAL BLOCK,2,0,2,0.7,, 文具版,,其他簿类,非书类,509,2023/10/11
4891081170371,巨人牌  COPY BOOK 小楷(SMALLBLOCK),2,0,2,0.7,, 文具版,,其他簿类,非书类,573,2023/5/24
10096337,中国国家地理（杂志）,2,0,2,8,2010/6/1, 国版,中国国家地理杂志出版社,旅游杂志,中文书,0,2025/7/24
9787549203734,中国名家书法字帖,2,0,2,3.5,2011/3/1, 国版,长江出版社,书法 \ 其他,中文书,15,2025/5/20
6921734932112,天然乳胶圈,2,0,2,3,, 文具版,,橡皮圈,非书类,1,2019/6/20
2221131008392,周虎臣长锋狼毫大楷,2,0,2,10.5,, 文具版,,毛笔,非书类,10,2025/1/7
2221131009689,上海周虎臣二号划线笔,2,0,2,3.5,, 文具版,,毛笔,非书类,15,2025/1/7
6911989126480,生字本,2,0,2,1,, 文具版,,格仔簿,非书类,86,2025/2/20
6911989210127,玛丽16k米字格练字本,2,0,2,1.8,, 文具版,,格仔簿,非书类,30,2024/10/23
10066071,当代海军,2,0,2,5,, 国版,<当代海军>杂志社,武器杂志,中文书,0,2025/7/24
10032339,现代舰船,2,0,2,8,, 国版,,武器杂志,中文书,0,2025/7/24
10018778,坦克装甲车辆,2,0,2,4.3,, 国版,<坦克装甲车辆>杂志社,武器杂志,中文书,0,2025/7/24
6935156501313,选料大白云,2,0,2,5.5,, 文具版,,毛笔,非书类,39,2025/2/20
9787801035523,新英汉词典（精）,2,0,2,27.4,2008/9/1, 国版,商务印书馆国际有限公司,汉语辞书,中文书,4,2024/8/29
4902561626018,科学毛笔 VSP1 (大字),2,0,2,6,, 文具版,,毛笔,非书类,18,2024/10/7
4902561626063,科学毛笔 (小字),2,0,2,4.99,, 文具版,,毛笔,非书类,31,2024/10/7
2221131105633,兼毫写意（中）,2,0,2,3.2,, 文具版,,毛笔,非书类,98,2024/5/20
2221131104049,玲珑韵峰羊毫小楷,2,0,2,3.8,, 文具版,,毛笔,非书类,79,2025/1/7
2221131099772,农耕笔庄清风毛笔中,2,0,2,17,, 文具版,,毛笔,非书类,16,2025/1/7
2221131099789,农耕笔庄清风毛笔小,2,0,2,15,, 文具版,,毛笔,非书类,18,2025/1/7
2221131100034,小精工毛笔,2,0,2,4,, 文具版,,毛笔,非书类,14,2021/10/28
2221131091998,涅盘小楷狼毫毛笔,2,0,2,7,, 文具版,,毛笔,非书类,32,2024/5/20
2221131081326,上海周虎臣红圭小,2,0,2,2,, 文具版,,毛笔,非书类,10,2025/1/7
2221131007821,周虎臣小精工毛笔,2,0,2,5.5,, 文具版,,毛笔,非书类,11,2023/8/21
2221131081944,抚河牌羊毫一绝,2,0,2,9,, 文具版,,毛笔,非书类,64,2023/8/21
2221131084570,周虎臣中兰蕊,2,0,2,15,, 文具版,,毛笔,非书类,16,2025/1/7
2221131092094,太极扇套,2,0,2,1,, 文具版,,其他体育用品,非书类,0,2022/8/24
2221131038757,感谢卡,2,0,2,2.3,, 文具版,,其他贺咭类,非书类,21,2025/1/7
6971373810548,一得阁练习墨汁500克,2,0,2,14.8,, 文具版,,墨汁,非书类,0,2025/6/30
6971373810609,一得阁250克精制墨汁,2,0,2,16,, 文具版,,墨汁,非书类,31,2024/9/11
2221131005599,钢笔墨水30ML,2,0,2,3.9,, 文具版,,墨水／墨水芯,非书类,34,2025/1/7
4895135111990,TINY ATVANA003 小巴牌锁匙扣,2,0,2,5.99,, 文具版,,匙扣,非书类,27,2021/12/30
9787100233170,牛津初阶英汉双解词典（第5版）,2,0,2,34.2,2024/3/1, 国版,商务印书馆,外汉辞书,中文书,7,2025/2/19
2221131079729,大红七言对联纸34×138cm(1对),2,0,2,3.1,, 文具版,,宣纸,非书类,320,2024/12/5
2221131095903,681工字印泥,2,0,2,5,, 文具版,,印坭,非书类,19,2023/12/17
2221131101710,四尺六开半生熟宣100张（34×46cm),2,0,2,16.5,, 文具版,,宣纸,非书类,21,2024/9/23
6976597261923,豚门永存中性笔,2,0,2,1.5,, 文具版,,宝珠笔／ 走珠笔,非书类,14,2025/7/12
6947503718008,晨光文具红色中性笔0.5mm,2,0,2,1.5,, 文具版,,宝珠笔／ 走珠笔,非书类,19,2025/2/20
9787561932353,轻松学中文（少儿版）（练习册）(1a),2,0,2,24,2011/11/1, 国版,北京语言文化大学出版社,对外汉语学习,中文书,72,2023/12/14
2221131107125,描红书法宣纸34X46CM(三十张）,2,0,2,4.5,, 文具版,,宣纸,非书类,37,2025/2/20
2221131094296,六尺特级加厚青檀皮宣（4张）,2,0,2,10.5,, 文具版,,宣纸,非书类,27,2022/9/13
2221131098096,加厚宣纸软卡内方形外麻内白（33*33cm）,2,0,2,15,, 文具版,,宣纸,非书类,24,2024/9/30
2221131090939,安徽银星牌四尺檀皮熟宣(5张）,2,0,2,13.5,, 文具版,,宣纸,非书类,3,2024/9/30
2221131098737,四尺四开100张(34×69cm)生宣,2,0,2,18,, 文具版,,宣纸,非书类,29,2024/9/23
2221131100089,描红宣纸(30张),2,0,2,4,, 文具版,,宣纸,非书类,21,2024/9/11
4713760039970,珠友 HP-06352 元气生活 轻便活页夹/2页,2,0,2,3.2,, 文具版,,活页夹,非书类,3,2024/5/15
9789620705724,大家嘅广东话 (第二版),0,2,2,47,2021/6/16,集团版,商务印书馆( 香港 )有限公司,对外汉语学习,中文书,2,2025/4/24
9789620718694,100基本汉字,2,0,2,3.95,2009/9/28,集团版,商务印书馆(香港)有限公司,对外汉语学习,中文书,409,2016/12/12
2221131106661,Money/Rent Receipt Book,2,0,2,3.99,, 文具版,,收据,非书类,23,2024/10/20
70330506046,BIC Witeout (Correction Fluid),2,0,2,4.25,, 文具版,,改错液,非书类,0,2025/4/22
9789882164949,快乐无处不在,2,0,2,35.4,2018/7/1, 港版,皇冠出版社(香港)有限公司,小说散文,中文书,1,2019/3/10
9787519476298,人间小满 (2)——好的人生，不慌不忙,2,0,2,29,2024/1/1, 国版,光明日报出版社,小说散文,中文书,0,2025/5/23
9787521217346,阅读指导目录丛书——俗世奇人（全集）,2,0,2,19.8,2022/6/1, 国版,作家出版社,小说散文,中文书,0,2025/2/19
9787559607959,信,2,0,2,26.4,2020/11/1, 国版,北京联合出版公司,小说散文,中文书,0,2024/2/28
9787559849977,闭经记,1,0,1,23.1,2022/7/5, 国版,广西师范大学出版社,小说散文,中文书,1,2024/2/28
9787569946864,梦华录(2册),1,0,1,37.9,2022/1/1, 国版,北京时代华文书局,小说散文,中文书,0,2024/8/29
9787573510921,百年孤寂（2025版）,1,0,1,36.3,2017/8/17, 国版,南海出版公司,小说散文,中文书,2,2025/5/23
9789576582769,地球星人,0,1,1,27.72,2020/2/1, 台版,三采文化出版事业有限公司,小说散文,中文书,0,2022/1/11
9789624575422,这段路，我们一起走──与渐老的父母交换心声,1,0,1,15.9,2017/7/1, 港版,基道出版社,小说散文,中文书,1,2017/11/16
9789882013452,船屋（小说）－－亦舒作品系列（314）,1,0,1,25.7,2018/10/1, 港版,天地图书有限公司,小说散文,中文书,1,2025/3/6
9789882013568,夏日最后敞蓬红色小跑车（小说）－－亦舒作品系列（325）,1,0,1,25.7,2021/1/1, 港版,天地图书有限公司,小说散文,中文书,1,2025/4/30
9789882013575,念初（小说）－－亦舒作品系列（326）,1,0,1,25.74,2021/4/1, 港版,天地图书有限公司,小说散文,中文书,0,2023/7/26
9789882013612,人呢（小说）－－亦舒作品系列（330）,1,0,1,25.7,2022/7/1, 港版,天地图书有限公司,小说散文,中文书,2,2024/5/12
9789882013636,赏心乐事（小说）－－亦舒作品系列（332）,1,0,1,25.7,2023/7/1, 港版,天地图书有限公司,小说散文,中文书,0,2024/7/14
9787521766714,在曼哈顿长大——伍迪‧艾伦幽默故事集,1,0,1,32.9,2025/1/1, 国版,中信出版社,小说散文,中文书,1,2025/5/23
9787530218518,黑铁时代,1,0,1,32.1,2018/9/1, 国版,北京十月文艺出版社,小说散文,中文书,1,2024/9/22
9787530218600,小团圆,1,0,1,27,2019/1/1, 国版,北京十月文艺出版社,小说散文,中文书,2,2024/12/4
9787533955601,神嫖,1,0,1,23.1,2019/4/1, 国版,浙江文艺出版社,小说散文,中文书,0,2025/2/19
9787541168185,小巷人家（全2册）,1,0,1,40.2,2024/1/1, 国版,四川文艺出版社,小说散文,中文书,1,2025/5/23
9787547049198,狂人日记,1,0,1,26.4,2019/4/1, 国版,万卷出版公司,小说散文,中文书,0,2025/2/19
9789620445361,香港英资财团（1841-2019）,1,0,1,38.6,2019/12/2,集团版,三联书店(香港)有限公司,工商发展史,中文书,0,2020/8/30
9787572254758,芯片简史,1,0,1,62.5,2023/4/1, 国版,浙江教育出版社,工业设计,中文书,2,2024/12/4
6926662331068,山形夹120mm,1,0,1,2,, 文具版,,帐夹,非书类,31,2025/6/15
9789620437540,Yeah! Chinese! 2（简体版）,0,1,1,19.5,2016/3/21,集团版,三联书店(香港)有限公司,对外汉语学习,中文书,1,2023/3/4
9789620438615,我们的校服（简体版）,1,0,1,6.5,2016/5/16,集团版,三联书店(香港)有限公司,对外汉语学习,中文书,7,2020/9/16
9789620440656,谁在家工作（简体版）,1,0,1,6.5,2017/1/23,集团版,三联书店(香港)有限公司,对外汉语学习,中文书,2,2020/9/16
9789620440717,学生是老师的老师（简体版）,1,0,1,6.5,2017/1/23,集团版,三联书店(香港)有限公司,对外汉语学习,中文书,5,2020/9/16
9789620440724,白云的猫书包（简体版）,1,0,1,8.6,2017/1/23,集团版,三联书店(香港)有限公司,对外汉语学习,中文书,3,2024/10/5
9789620440731,谁喜欢学我的样（简体版）,1,0,1,6.5,2017/1/23,集团版,三联书店(香港)有限公司,对外汉语学习,中文书,7,2020/9/16
2221131106678,2025年精装8K日历,1,0,1,8.99,, 文具版,,年／月／日历,非书类,6,2025/7/18
4715443035699,儿童数学练习本：趣味乘法除法,1,0,1,5.3,2016/11/4, 台版,人类文化事业有限公司,幼儿习作 (幼儿园),中文书,4,2024/5/15
4719742140221,九九乘法练习本,1,0,1,9.9,2018/3/13, 台版,世一文化事业股份有限公司,幼儿习作 (幼儿园),中文书,15,2024/10/7
9629017202,幼儿启智系列——减法练习,1,0,1,5.9,2003/7/2, 港版,精英出版社有限公司,幼儿习作 (幼儿园),中文书,0,2023/9/21
9787575101004,创意涂鸦本‧多彩梦生活,1,0,1,8.3,2024/2/1, 国版,浙江人民美术出版社,幼儿习作 (幼儿园),中文书,0,2025/1/1
9787575101042,创意涂鸦本‧食物大派对,1,0,1,8.3,2024/2/1, 国版,浙江人民美术出版社,幼儿习作 (幼儿园),中文书,1,2025/1/1
9789620862991,（升级版）愉快学写字(8),1,0,1,10.6,2015/6/15,集团版,新雅文化事业有限公司,幼儿习作 (幼儿园),中文书,17,2023/9/21
2221131088172,致旗10倍85MM放大镜,1,0,1,16.5,, 文具版,,放大镜,非书类,11,2024/9/23
2221131095149,致旗30倍放大镜ZQ-106S,1,0,1,39,, 文具版,,放大镜,非书类,0,2020/10/25
9787010136424,大使札记──外交官是怎样炼成的,1,0,1,19.9,2014/6/1, 国版,人民出版社,政治学 \ 其他,中文书,1,2015/1/18
9787550297999,胜者思维──金一南破解当今世界制胜之道,1,0,1,22.5,2017/5/1, 国版,北京联合出版公司,政治学研究,中文书,0,2019/4/28
9787539548777,伊索寓言/蜗牛故事绘,1,0,1,11.5,, 国版,福建少年儿童出版社,故事书,中文书,0,2020/11/25
9787539551883,蜗牛故事绘（有声版）──木偶奇遇记,1,0,1,11.5,2015/5/1, 国版,福建少年儿童出版社,故事书,中文书,2,2021/11/21
9787544861847,鼹鼠过圣诞节（绘本版）,1,0,1,10.9,2019/9/1, 国版,接力出版社,故事书,中文书,2,2024/2/28
9789620884573,小跳豆成语故事（动物篇）[新雅．点读乐园],1,0,1,19.1,2024/12/17,集团版,新雅文化事业有限公司,故事书,中文书,0,2025/4/30
9789620884597,小跳豆成语故事（处事篇）[新雅．点读乐园],1,0,1,19.1,2024/12/17,集团版,新雅文化事业有限公司,故事书,中文书,0,2025/4/30
9789865707163,迟到大王胖嘟嘟 (注音版）,1,0,1,12.6,2014/11/1, 台版,福地出版社,故事书,中文书,0,2016/4/26
2221131087281,"Samsill 1"" Value Binder",1,0,1,4.99,, 文具版,,活页夹,非书类,0,2023/6/4
2221131107606,卡通改正带,1,0,1,1.6,, 文具版,,改错带,非书类,47,2025/6/15
9787214261878,女生徒,1,0,1,17.6,2021/7/1, 国版,江苏人民出版社,小说散文,中文书,1,2025/2/19
2221131104681,A4档夹,1,0,1,5,, 文具版,,文件铁夹,非书类,5,2023/11/8
10029567,百科知识,1,0,1,3,, 国版,中国大百科全书出版社,文化与生活杂志,中文书,0,2025/7/24
9789888861293,寻踪觅迹：香港唐楼故事（增订版）,1,0,1,34.5,2024/3/5,集团版,非凡出版,建筑设计,中文书,1,2025/4/24
9787544859141,我不是教你诈（新版）,1,0,1,31.9,2019/3/1, 国版,接力出版社,心理励志 \ 人际关系,中文书,0,2023/1/29
9787517603269,人性的弱点,1,0,1,19.3,2018/6/1, 国版,商务印书馆国际有限公司,心理励志 \ 其他,中文书,0,2024/12/4
9787559668219,平凡的生活也要过得闪闪发光,1,0,1,29,2023/6/1, 国版,北京联合出版公司,心理励志 \ 其他,中文书,3,2025/5/23
9789862480571,五分钟神清气爽——让你脱胎换骨的六十种方法,1,0,1,15,2010/1/9, 台版,山岳文化出版,心理励志 \ 其他,中文书,0,2010/4/8
9789865102647,别对每件事都有反应－－淡泊一点也无妨， 活出快意人生的99个禅练习！,1,0,1,26.9,2023/1/3, 台版,悦知,心理励志 \ 其他,中文书,1,2025/5/23
9789861659848,一鸣惊人宅男弟,1,0,1,13.3,2014/5/6, 台版,果树,爱情小说,中文书,0,2014/9/15
9789862884980,总裁见不得光,1,0,1,14,2014/4/2, 台版,新月文化事业股份有限公司,爱情小说,中文书,0,2014/9/15
9789862885000,代班枕边人,1,0,1,14,2014/4/16, 台版,新月文化事业股份有限公司,爱情小说,中文书,0,2014/9/15
9789863352846,长男的小粉樱,1,0,1,13.5,2014/6/6, 台版,禾马文化事业有限公司,爱情小说,中文书,0,2014/9/15
9789869332705,流浪爱情,1,0,1,14,2016/8/1, 台版,狗屋,爱情小说,中文书,0,2016/12/4
9789882013582,谁家园（小说）－－亦舒作品系列（327）,1,0,1,25.7,2021/7/1, 港版,天地图书有限公司,爱情小说,中文书,1,2024/12/25
9789882192607,偏偏电到妳* 寻梦园(1433)*,1,0,1,12,2011/1/1, 港版,星河出版社,爱情小说,中文书,0,2021/10/12
9789882199521,先生早上好*寻梦园(1627),1,0,1,13.5,2014/7/1, 港版,星河出版社,爱情小说,中文书,0,2014/10/22
9789882199774,上床不补票*寻梦园(1652)*,1,0,1,13.5,2015/2/1, 港版,星河出版社,爱情小说,中文书,0,2015/9/10
9786263491045,1天1行小日记，写出超强行动力（1书+1行动日记）,1,0,1,26.95,2022/12/1, 台版,采实文化,成功学,中文书,0,2023/5/3
2221131003885,0.40元擦胶,1,0,1,0.4,, 文具版,,擦胶,非书类,295,2024/9/11
2221131003892,1.0元擦胶,1,0,1,1,, 文具版,,擦胶,非书类,115,2010/12/15
3474370026200,Pentel-ZEH-20 标准型橡皮擦（单入）,1,0,1,3.5,, 文具版,,擦胶,非书类,25,2025/5/23
9786263423220,手机影片运镜技巧119招,1,0,1,31.5,2024/3/27, 台版,南门书局,摄影技巧与知识,中文书,0,2024/10/7
2221131090946,宣纸信笺19*29cm（半生熟 20张）,1,0,1,5.9,, 文具版,,宣纸,非书类,31,2025/6/15
2221131098447,檀溪四尺四开半生熟宣100张 (34X69cm),1,0,1,17.5,, 文具版,,宣纸,非书类,17,2024/9/23
2221131098652,崇星点墨成金四尺檀皮宣纸 (5张),1,0,1,15,, 文具版,,宣纸,非书类,8,2022/9/13
4717335400714,世秀特级书画纸大,1,0,1,17.5,, 文具版,,宣纸,非书类,5,2024/5/15
6922816224811,8开宣纸27.5cm*34.5*100张  (半生熟),1,0,1,11,, 文具版,,宣纸,非书类,47,2024/9/23
6926580556000,5600书画8开生宣50页,1,0,1,5.5,, 文具版,,宣纸,非书类,36,2024/9/23
9789621449160,盐的妙用,1,0,1,12.5,2012/7/1,集团版,万里机构‧得利书局,家事常识,中文书,3,2013/5/29
9789860600728,不再焦虑的深层教养,1,0,1,29.26,2021/4/1, 台版,大树林出版社,家长管教技巧,中文书,1,2025/6/30
6920024537617,白雪中性笔0.5mm红色,1,0,1,1.5,, 文具版,,宝珠笔／ 走珠笔,非书类,45,2025/2/20
9789620425882,轻松学汉语（第二版）简体课本三,0,1,1,40.3,2006/7/1,集团版,三联书店(香港)有限公司,对外汉语学习,中文书,16,2020/10/13
6976507036191,可擦中性笔,1,0,1,6.5,, 文具版,,宝珠笔／ 走珠笔,非书类,6,2025/4/19
9789620436482,轻松学汉语（少儿版）（第二版）简体补充练习二,1,0,1,15.6,2015/5/26,集团版,三联书店(香港)有限公司,对外汉语学习,中文书,1,2022/12/29
9787301187746,速成汉语基础教程－－会话课本(2)（附MP3）,1,0,1,20,2011/5/1, 国版,北京大学出版社,对外汉语学习,中文书,7,2018/7/15
9787549585335,三字经（汉英对照）,1,0,1,36.6,2016/9/1, 国版,广西师范大学出版社,对外汉语学习,中文书,2,2025/2/19
9787561916506,轻松学中文(1)．课本（附1CD）,1,0,1,51.3,2006/7/1, 国版,北京语言文化大学出版社,对外汉语学习,中文书,13,2025/1/1
9787561930496,轻松学中文（少儿版）(1a),0,1,1,39,2011/7/1, 国版,北京语言大学出版社,对外汉语学习,中文书,49,2025/1/1
2221131082088,23x34cm50张/袋信笺信纸宣纸,1,0,1,5,, 文具版,,宣纸,非书类,4,2022/6/12
2221131077138,紫芳斋四尺二层夹宣（5张),1,0,1,15,, 文具版,,宣纸,非书类,62,2023/5/26
2221131086604,万年红纸 (五张),1,0,1,7.3,, 文具版,,宣纸,非书类,74,2025/2/20
2221131090922,安徽三尺古法檀皮熟宣(5张）,1,0,1,8.5,, 文具版,,宣纸,非书类,41,2022/2/3
9787555247258,妈妈宝宝配对卡：颜色形状（汉、英）,1,0,1,26.4,2021/3/1, 国版,青岛出版社,学前图书 (0-3岁) \ 其他,中文书,2,2022/2/3
2221131103479,九九乘除法PVC大卡,1,0,1,3.2,, 文具版,,学习卡,非书类,19,2025/2/20
2221131003694,683工字印泥,1,0,1,7,, 文具版,,印坭,非书类,26,2023/12/17
3501179503752,帕克钢笔墨水-黑,1,0,1,11,, 文具版,,墨水／墨水芯,非书类,2,2024/7/28
2221131100430,永生铱金磨砂杆钢笔,1,0,1,17,, 文具版,,墨水笔,非书类,4,2021/10/28
6971373810616,250克中华墨汁,1,0,1,16,, 文具版,,墨汁,非书类,83,2022/9/26
6971373810883,一得阁朱墨99克,1,0,1,12.99,, 文具版,,墨汁,非书类,13,2024/8/29
6971373814959,一得阁金墨60g,1,0,1,11,, 文具版,,墨汁,非书类,60,2024/3/16
2221131082682,轻量砚,1,0,1,7,, 文具版,,墨砚,非书类,0,2022/6/12
9787100037570,精选西汉汉西词典,1,0,1,17.1,2005/11/1, 国版,商务印书馆(北京),外汉辞书,中文书,5,2019/11/13
4549131381016,Thank you-2,1,0,1,3.49,, 文具版,,其他贺咭类,非书类,4,2018/9/23
4897044360377,POSTalk GC-02 POP-UP Greeting Cards-帆船Ho,1,0,1,5.9,, 文具版,,其他贺咭类,非书类,1,2025/4/24
4897044360469,POSTalk GC-10 POP-UP Greeting Cards-龙1 D,1,0,1,5.9,, 文具版,,其他贺咭类,非书类,1,2025/4/24
2221131105992,飞盘,1,0,1,5,, 文具版,,其他体育用品,非书类,13,2024/9/23
9787502067014,服装缝纫专业技法,1,0,1,29,2018/7/1, 国版,煤炭工业出版社,剪裁,中文书,0,2018/12/17
2221131084679,周虎臣赵之谦定制行草,1,0,1,45,, 文具版,,毛笔,非书类,4,2024/5/20
2221131086451,纯狼提斗 (大),1,0,1,13,, 文具版,,毛笔,非书类,5,2023/9/14
2221131086505,善琏湖七紫三羊大,1,0,1,7.5,, 文具版,,毛笔,非书类,27,2025/1/7
2221131086543,狼毫碗笔（大）,1,0,1,27,, 文具版,,毛笔,非书类,12,2025/1/7
2221131087984,善琏湖珍木中兼毫,1,0,1,6.5,, 文具版,,毛笔,非书类,21,2025/1/7
2221131081395,周虎臣精制叶筋笔,1,0,1,7,, 文具版,,毛笔,非书类,27,2024/5/20
2221131093831,吴昌硕定制笔（行书草书）,1,0,1,30,, 文具版,,毛笔,非书类,0,2024/5/20
2221131097327,鼠须勾线大号,1,0,1,3,, 文具版,,毛笔,非书类,73,2024/5/20
2221131098799,瑞云清风兼毫毛笔,1,0,1,32,, 文具版,,毛笔,非书类,3,2025/1/7
2221131084563,周虎臣大兰蕊,1,0,1,17,, 文具版,,毛笔,非书类,12,2023/8/21
2221131104179,至尊狼王小,1,0,1,11.5,, 文具版,,毛笔,非书类,16,2025/1/7
2221131104193,遂文轩得心正楷中号,1,0,1,6,, 文具版,,毛笔,非书类,72,2025/1/7
2221131105640,扶苏勾线【中】,1,0,1,4,, 文具版,,毛笔,非书类,33,2024/5/20
2221131103912,白樾兼毫斗笔,1,0,1,19,, 文具版,,毛笔,非书类,20,2024/9/23
2221131103929,牛角抓笔,1,0,1,47,, 文具版,,毛笔,非书类,3,2023/7/9
2221131103998,玲珑韵峰羊毫大楷,1,0,1,4.5,, 文具版,,毛笔,非书类,54,2023/8/21
6926580508306,瘦金体松枝,1,0,1,3.5,, 文具版,,毛笔,非书类,25,2024/5/20
2221131106890,东方神狼大,1,0,1,10.8,, 文具版,,毛笔,非书类,23,2025/1/7
2221131106913,东方神狼小,1,0,1,8.2,, 文具版,,毛笔,非书类,22,2025/1/7
4717335100102,B 大兰竹,1,0,1,7,, 文具版,,毛笔,非书类,93,2022/11/8
9787108042958,伤痕,1,0,1,15.8,2012/11/1, 国版,三联书店(北京),漫画,中文书,1,2013/1/23
9787522502816,敖丙传（壹）,1,0,1,32.6,2021/8/1, 国版,九州岛出版社,漫画,中文书,1,2025/5/23
9787558608575,三国故事·人物篇,1,0,1,22,2018/6/1, 国版,上海人民美术出版社,漫画,中文书,2,2024/12/4
9787518423842,蒸炖煮一本全,1,0,1,22.5,2019/4/1, 国版,中国轻工业出版社,烹饪 \ 其他,中文书,0,2020/2/28
9787533567415,调味料大百科,1,0,1,38,2022/9/1, 国版,福建科学技术出版社,烹饪 \ 其他,中文书,0,2023/4/24
9789625779799,自家制简易轻松煮,1,0,1,14.3,2010/3/1, 港版,壹出版有限公司,烹饪 \ 其他,中文书,0,2012/1/5
9787543939653,越吃越年轻－－蔬果抗衰老要领大公开,1,0,1,11.3,2010/1/1, 国版,上海科学技术文献出版社,营养学,中文书,0,2012/11/20
9789571370361,别让错误的营养观害了你──旅美权威营养专家，破除58个常见饮食迷思,1,0,1,22.4,2017/6/16, 台版,时报文化出版企业股份有限公司,营养学,中文书,0,2017/10/3
4894826005983,Tiny ATC64998 城市 54 合金车仔 - 日野 500 顺丰速运(有,1,0,1,24.5,, 文具版,,玩具模型,非书类,0,2024/12/25
4894826008489,Tiny ATC65290 城市 合金车仔 - 平治 Sprinter FL 6,1,0,1,24.5,, 文具版,,玩具模型,非书类,2,2024/12/25
4895135101298,TINY KMB2018145 148 九巴 利兰珍宝 (平顶宝) 戒毒电话,1,0,1,13.99,, 文具版,,玩具模型,非书类,8,2020/3/18
4895135135323,TINY KMB2019002 185 九巴丹尼士三叉戟-都普 (23),1,0,1,13.99,, 文具版,,玩具模型,非书类,0,2020/3/18
9789576580093,5分钟秒睡的好眠瑜伽,1,0,1,22.4,2018/7/9, 台版,三采文化出版事业有限公司,瑜珈,中文书,0,2019/1/6
9789863840411,韩流7日排毒瑜伽操──10分钟瘦全身，达到微有氧、强化肌耐力、净化脏器的神奇效果！,1,0,1,23.1,2015/2/16, 台版,野人文化,瑜珈,中文书,2,2020/10/13
9787121181948,别说你会用日用品－－揭开日常用品中的那些潜在危险,1,0,1,12.6,2012/11/1, 国版,电子工业出版社,生活百科 \ 其他,中文书,0,2013/8/29
2221131081128,画毡（120cm x 80cm),1,0,1,18,, 文具版,,画布,非书类,27,2024/12/5
6974266009524,15cm直尺,1,0,1,1.8,, 文具版,,画笔／画扫,非书类,13,2025/6/15
9789882198920,异色．北韩,1,0,1,22.9,2013/5/1, 港版,天地图书有限公司,当代旅游文学,中文书,0,2014/1/29
9789620854927,新雅幼儿亲子ABC识字卡,1,0,1,19.14,2011/9/23,集团版,新雅文化事业有限公司,盒装游戏,中文书,2,2022/11/6
2221131096191,6寸相册本100张,1,0,1,7.5,, 文具版,,相簿,非书类,2,2020/10/13
9781006436314,Wuhan Lockdown 武汉封城日记,1,0,1,25,2021/1/9,外文版,博登书屋,社会问题,中文书,0,2022/3/20
9789620764547,大工地上中国农民工之歌,1,0,1,15.6,2010/12/20,集团版,商务印书馆(香港)有限公司,社会研究,中文书,0,2011/4/12
9789862352151,最纯洁的种族－－北韩人眼中的北韩人,1,0,1,21,2012/11/1, 台版,脸谱出版社,社会研究,中文书,0,2013/5/29
9787540756833,读书很好,1,0,1,13.4,2012/7/1, 国版,漓江出版社,社会科学 \ 其他,中文书,0,2013/2/26
9787539565514,蜗牛故事绘（有声版）封神演义,1,0,1,12.7,2018/8/1, 国版,福建少年儿童出版社,神话和传说,中文书,3,2022/2/3
2221131106333,60张贴纸,1,0,1,4.5,, 文具版,,礼品＼贴纸,非书类,4,2025/7/12
9575575326,中国自控气功,1,0,1,19.3,1995/8/1, 台版,大展出版社有限公司,气功,中文书,0,2024/10/7
9789888807673,看见港漫——香港漫画的过去与未来,1,0,1,32.3,2022/7/8,集团版,非凡出版,流行文化研究,中文书,1,2025/4/30
9787572610912,太白金星有点烦,0,1,1,24.8,2023/6/1, 国版,湖南文艺出版社,流行读物 \ 其他,中文书,0,2024/12/4
9789888860500,似是故人来——致香港流行文化的光辉岁月,1,0,1,39.5,2023/7/10,集团版,非凡出版,流行读物 \ 其他,中文书,1,2024/12/25
10035664,传奇故事,1,0,1,3,, 国版,传奇故事杂志社,消闲杂志 \ 其他,中文书,0,2025/4/30
9787807638629,吃到自然瘦──天王天后养生顾问的择食之道,1,0,1,16,2013/3/1, 国版,广西科学技术出版社,减肥食谱,中文书,1,2018/1/24
9789863615347,微波减肥常备菜－－省时、省力、绝不失败！只须单击微波炉,1,0,1,19.6,2018/5/9, 台版,英属维尔京群岛商高宝国际有限公司台湾分公司,减肥食谱,中文书,1,2019/6/7
9789869835060,抗炎止敏、日日减肥！Vivian的减醣家庭料理,1,0,1,27.9,2020/1/1, 台版,平装本出版有限公司,减肥食谱,中文书,1,2021/2/28
9789888550838,香港文坛回味录（增订版）,1,0,1,42,2023/5/1, 港版,天地图书有限公司,港澳文学,中文书,0,2024/5/12
9787535638403_3,爱上厨房丛书(I)──电饭煲也可以煲汤,1,0,1,8.9,2010/8/1, 国版,湖南美术出版社,汤羹,中文书,0,2010/11/16
9789621444530,秋天的养生汤水,1,0,1,15.6,,集团版,万里机构．万里书店,汤羹,中文书,1,2012/4/25
9787100124508,现代汉语词典（第7版）（精）,1,0,1,54.5,2016/9/1, 国版,商务印书馆(北京),汉语辞书,中文书,3,2022/5/8
10024891,世界军事,1,0,1,3.9,, 国版,<世界军事>杂志社,武器杂志,中文书,0,2025/7/24
10008810,轻兵器（杂志）,1,0,1,4.9,, 国版,轻兵器杂志社,武器杂志,中文书,0,2025/7/24
10053921,军事文摘,1,0,1,3.6,, 国版,,武器杂志,中文书,0,2025/7/1
9620827449,新雅幼儿识字卡1：玩具形状数字,1,0,1,14.9,1996/1/1,集团版,新雅文化事业有限公司,概念书,中文书,0,2025/3/6
9786267230800,BABY启蒙认知书 动物,1,0,1,9.8,2024/3/1, 台版,双美生活,概念书,中文书,0,2025/5/23
9787111475149,最实用的汽车电工维修经验与技巧,1,0,1,24.8,2014/10/1, 国版,机械工业出版社,机械工程 \ 汽车,中文书,1,2019/2/18
9787122174031,汽车驾驶──养护攻略,1,0,1,22.4,2013/8/1, 国版,电子工业出版社,机械工程 \ 汽车,中文书,1,2013/11/5
2221131070627,周虎臣小楷一品毛笔（狼毫）,1,0,1,13.5,, 文具版,,毛笔,非书类,1,2025/1/7
2221131079033,周虎臣三号豹狼毫,1,0,1,13,, 文具版,,毛笔,非书类,3,2025/1/7
2221131079040,周虎臣得心正楷毛笔,1,0,1,13,, 文具版,,毛笔,非书类,16,2023/10/11
2221131079828,周虎臣大兰竹毛笔,1,0,1,29,, 文具版,,毛笔,非书类,11,2022/4/12
2221131009672,上海周虎臣一号划线笔,1,0,1,3,, 文具版,,毛笔,非书类,12,2025/1/7
2221131008651,周虎臣宿纯长颖羊毫大楷,1,0,1,13.5,, 文具版,,毛笔,非书类,8,2025/1/7
2221131009092,周虎臣宿纯长颖羊毫小楷,1,0,1,12,, 文具版,,毛笔,非书类,4,2025/1/7
9787100172264,中国古代人物传记狄仁杰传,1,0,1,44.3,2019/6/1, 国版,商务印书馆,历史人物传记,中文书,1,2025/2/19
9787555914808,崇祯传,1,0,1,35.8,2023/8/1, 国版,河南文艺出版社,历史人物传记,中文书,1,2025/5/23
9789869677738,余英时回忆录,0,1,1,27,2018/11/1, 台版,允晨文化实业股份有限公司,历史学家传记,中文书,0,2024/12/25
9787507556551,努尔哈赤传(增订版),1,0,1,49,2022/9/1, 国版,华文出版社有限公司,历史小说,中文书,0,2023/4/3
2221125951635,湖笔－－精选小兰竹,1,0,1,7.5,, 文具版,,毛笔,非书类,72,2023/5/24
2221131007708,上海周虎臣红圭中,1,0,1,2.2,, 文具版,,毛笔,非书类,10,2025/1/7
2100000016792,倚天屠龙记（全四册）（原作平装版）,0,1,1,62.4,1998/5/1, 港版,明河社出版有限公司,武侠小说,中文书,0,2022/11/6
9627461202,连城诀(大),0,1,1,17.2,1977/1/1, 港版,明河社出版有限公司,武侠小说,中文书,0,2025/4/24
9628129716,神鵰侠侣(1-4)(新修版),0,1,1,66,2004/4/1, 港版,明河社出版有限公司,武侠小说,中文书,0,2022/1/11
9628892169,倚天屠龙记(1-4)（新修版）,0,1,1,66,2005/4/1, 港版,明河社出版有限公司,武侠小说,中文书,0,2022/11/6
9789624913446,寻秦记（一）（修订版）,1,0,1,23.76,2017/6/1, 港版,黄易出版社有限公司,武侠小说,中文书,0,2022/1/12
9789624913460,寻秦记（三）（修订版）,1,0,1,23.76,2017/8/1, 港版,黄易出版社有限公司,武侠小说,中文书,1,2022/1/11
9789624913477,寻秦记（四）（修订版）,1,0,1,23.76,2017/8/1, 港版,黄易出版社有限公司,武侠小说,中文书,1,2022/1/11
9789624913507,寻秦记（七）（修订版）,1,0,1,21.6,2017/9/1, 港版,黄易出版社有限公司,武侠小说,中文书,0,2018/5/25
9789624913514,寻秦记（八）（修订版）（结局篇）,1,0,1,21.6,2017/9/1, 港版,黄易出版社有限公司,武侠小说,中文书,0,2018/5/25
9789628892761,碧血剑 (1-4)（新修袖珍版）,1,0,1,30.4,2007/11/1, 港版,明河社出版有限公司,武侠小说,中文书,2,2020/1/12
9789628892846,射鵰英雄传 (1-8)（新修袖珍版）,0,1,1,62.4,2007/6/1, 港版,明河出版社有限公司,武侠小说,中文书,4,2025/4/24
9787554027516,执笔写经典宋词三百首精选‧行楷,1,0,1,13.8,2024/1/1, 国版,浙江古籍出版社,书法 \ 其他,中文书,2,2025/1/1
9787554027547,执笔写经典唐诗三百首精选‧楷书,1,0,1,13.8,2024/1/1, 国版,浙江古籍出版社,书法 \ 其他,中文书,0,2025/1/1
9787554028889,家书家训‧行书,1,0,1,13.8,2024/5/1, 国版,浙江古籍出版社,书法 \ 其他,中文书,4,2025/1/1
9787554028964,四大名著佳句精选‧楷书,1,0,1,13.8,2024/5/1, 国版,浙江古籍出版社,书法 \ 其他,中文书,2,2025/1/1
78541065048,MMF Metal Book Ends (Pairs),1,0,1,6.5,, 文具版,,书立,非书类,0,2024/1/2
9787122167583,缝纫基础的基础──从零开始的缝纫技巧,1,0,1,16.4,2014/1/1, 国版,化学工业出版社,服饰 \ 其他,中文书,0,2015/8/19
816124017011,iScholar Wide Ruled 1 Subject Notebook(70 Sheets),1,0,1,2.49,, 文具版,,日记簿,非书类,0,2024/9/11
9789621430908,日语进阶,1,0,1,13.6,2006/2/24,集团版,万里机构‧万里书店,日语学习,中文书,0,2011/9/4
9787559462015,知行合一王阳明(1472-1529),1,0,1,29,2021/11/1, 国版,江苏凤凰文艺出版社,明代哲学及其研究,中文书,1,2025/5/23
9787313180360,华夏万卷‧田英章硬笔书法入门教程‧楷书速成练习,1,0,1,12.1,2017/10/1, 国版,上海交通大学出版社,书法 \ 其他,中文书,1,2025/2/19
2221131103707,山海异兽日记本,1,0,1,9,, 文具版,,日记簿,非书类,4,2025/2/20
9789860659788,真相制造──从圣战士妈妈、极权政府、网军教练、境外势力、打假部队、内容农场主人到政府小编,0,1,1,33.6,2021/6/25, 台版,春山,新闻学与传播学 \ 其他,中文书,1,2023/5/3
9787101130621,康震讲柳宗元,1,0,1,14.5,2018/1/1, 国版,中华书局(北京),文学家传记,中文书,0,2018/7/15
9787506380157,锦瑟哀弦--李商隐传,1,0,1,21.45,2015/8/1, 国版,作家出版社,文学家传记,中文书,0,2023/1/29
9787532574544,词曲通解（精）,1,0,1,59,2014/11/1, 国版,上海古籍出版社,文学研究及批评,中文书,0,2015/5/21
9787549570270,木心谈木心──《文学回忆录》补遗（精）,1,0,1,21.5,2015/8/1, 国版,广西师范大学出版社,文学研究及批评,中文书,1,2023/1/12
9789865850890,神经－－西游成功学,1,0,1,18.9,2014/10/1, 台版,龙图腾,文学研究及批评,中文书,0,2015/12/27
6971241960023,A5玫瑰金磁扣记事本,1,0,1,10,, 文具版,,日记簿,非书类,4,2020/3/19
6971354360000,碧水传奇日记本,1,0,1,9.5,, 文具版,,日记簿,非书类,0,2025/2/20
6972145420002,A5笔记本,1,0,1,4.2,, 文具版,,日记簿,非书类,9,2023/11/8
2221131104841,A5欧式复古日记本,1,0,1,8.5,, 文具版,,日记簿,非书类,11,2025/2/20
2221131107040,古风山水笔记本,1,0,1,9,, 文具版,,日记簿,非书类,5,2025/2/20
2221131107392,活页日记本中号,1,0,1,10,, 文具版,,日记簿,非书类,10,2025/6/15
2221131107545,HelloKitty摆件,1,0,1,12.5,, 文具版,,其他礼品,非书类,9,2025/7/12
6920024531240,155中性笔,1,0,1,1.5,, 文具版,,其他笔类,非书类,0,2025/6/30
2221131003809,大字练习簿8开7*7cm15格30页,1,0,1,3.5,, 文具版,,其他簿类,非书类,0,2024/9/23
2221131025207,宣纸印谱(16x26cm),1,0,1,7.5,, 文具版,,其他簿类,非书类,147,2024/9/23
4891081170425,巨人牌MB12 MUSIC BOOK,1,0,1,2.2,, 文具版,,其他簿类,非书类,4,2019/7/18
6923052279887,田格本,1,0,1,0.9,, 文具版,,其他簿类,非书类,355,2021/10/28
2221131097594,马可8件套笔帘素描套装,1,0,1,18,, 文具版,,其他美术绘图工具类,非书类,0,2020/3/19
4717335404330,瓷彩绘皿,1,0,1,6.9,, 文具版,,其他美术绘图工具类,非书类,0,2023/7/26
6901893800774,马里炭笔 (硬),1,0,1,1.2,, 文具版,,其他美术绘图用品类,非书类,50,2024/9/11
2221131092261,35*38cm帆布袋,1,0,1,18.99,, 文具版,,其他袋类,非书类,12,2024/9/23
6971415550111,慕兰绘红色圆珠笔0.7mm,1,0,1,1.2,, 文具版,,原子笔,非书类,55,2025/2/20
9787101150827,增广贤文（精）,1,0,1,13.2,2021/3/1, 国版,中华书局(北京),古代汉语,中文书,2,2025/2/19
9787510832499,万历十五年（增补本）,1,0,1,18.7,2015/3/1, 国版,九州岛出版社,史学理论与批评,中文书,1,2025/5/23
9787541151576,日日好便当,1,0,1,24.8,2018/10/1, 国版,四川文艺出版社,各国菜式,中文书,1,2023/7/3
9789621455390,15分钟!教你做出主厨级义式主食料理,1,0,1,29.4,2014/7/1,集团版,万里机构‧万里书店,各国菜式,中文书,0,2018/8/13
2221131086079,广经堂通胜 包罗万有 (散本),1,0,1,16,, 港版,,命相风水 \ 其他,中文书,0,2024/12/25
9789860645286,香料咖哩教父的极简易缩时料理教科书,1,0,1,31.5,2022/2/17, 台版,常常生活文创,咖喱菜式,中文书,1,2025/5/23
9786263938243,中国新战略——台日韩三方比较新视野,1,0,1,32.6,2024/10/25, 台版,五南图书出版(股)公司,国际关系,中文书,1,2025/5/23
9786267182932,世界为什么是现在这样？——中国为什么非要占领台湾？俄罗斯打乌克兰的真正理由？以巴冲突真的无解？打开地图解释历史，世局演变你早能预见,1,0,1,32.3,2024/7/30, 台版,任性出版-大是,国际关系,中文书,0,2024/12/25
9786267405413,意外的冲突——美中「冷战2.0」，全球地缘政治冲突下的明天,0,1,1,40.8,2024/4/3, 台版,宝鼎,国际关系,中文书,1,2025/5/23
9789865915612,中国的南海战略,1,0,1,30.8,2013/4/1, 台版,新锐文创,国际关系,中文书,0,2013/7/10
2221131100805,仿玉围棋,1,0,1,36,, 文具版,,围棋,非书类,5,2022/2/3
9787514608694,小飞狗环球旅行记(3)──贝蒂被绑架了,1,0,1,4.5,2013/9/1, 国版,中国画报出版社,图画书,中文书,0,2019/11/13
9789620883279,妈妈，有你真好！（新雅．点读乐园）[新雅．宝宝心灵馆],1,0,1,22.4,2024/4/15,集团版,新雅文化事业有限公司,图画书,中文书,1,2025/4/24
6923459604022,洪盛高级商务通讯簿(48K),1,0,1,3.5,, 文具版,,地址簿,非书类,5,2009/9/7
9787552002539,俄罗斯通史(1917-1991),1,0,1,42.2,2013/6/1, 国版,上海社会科学院出版社,地域及国别史,中文书,0,2025/5/23
9789862622124,保罗与耶稣,1,0,1,29.4,2014/7/1, 台版,猫头鹰出版社股份有限公司,基督教,中文书,1,2015/5/1
2221131094128,四尺空白对联卷轴(150*34cm),1,0,1,35,, 文具版,,其他书法用纸,非书类,0,2023/10/11
2221131101932,空白蜡染卷轴半生熟(32*94cm),1,0,1,18.5,, 文具版,,其他书法用纸,非书类,19,2022/8/24
2221131106203,琉璃镇纸,1,0,1,12.5,, 文具版,,其他书写配件类,非书类,17,2024/9/23
2221131107170,米格水写布,1,0,1,7.5,, 文具版,,其他书写配件类,非书类,21,2025/2/20
4717335401155,4开垫布,1,0,1,7,, 文具版,,其他书写配件类,非书类,21,2025/5/23
2221131015871,安徽四尺洒金大红宣纸(5张 ),1,0,1,10,, 文具版,,其他书法用纸,非书类,41,2024/12/5
2221131083542,锦面空白宣纸册页 (25cm*17cm),1,0,1,19.9,, 文具版,,其他书写配件类,非书类,8,2024/6/6
2221131083658,杂色绫白色底竖轴(30cm*70cm),1,0,1,17,, 文具版,,其他书写配件类,非书类,36,2022/9/13
2221131085102,冰裂纹小墨碟,1,0,1,4.5,, 文具版,,其他书写配件类,非书类,12,2024/9/23
2221131050032,50*50米字格画毡,0,1,1,6.5,, 文具版,,其他书写辅助工具,非书类,38,2023/11/8
2221131050049,50*70米字格画毡,1,0,1,7.5,, 文具版,,其他书写辅助工具,非书类,5,2023/11/8
2221131100874,家有喜事礼金本,1,0,1,10,, 文具版,,其他文娱礼品类,非书类,3,2025/2/20
2221131105107,黄凌布小卷轴(10*38cm),1,0,1,4.99,, 文具版,,其他书写用纸类,非书类,32,2025/6/15
6970221740150,结鞋带拼板,1,0,1,9.99,, 文具版,,其他益智玩具,非书类,4,2016/7/18
6926580504551,大楷簿16开,1,0,1,1.8,, 文具版,,其他书法用纸,非书类,1,2022/8/24
4897078454547,POSTalk MA-39 熊猫磁石贴 Panda Magnet,1,0,1,7,, 文具版,,其他礼品,非书类,2,2025/4/24
819844017231,Moonlight Moment,1,0,1,22,, 文具版,,其他积木／ 模型,非书类,0,2022/2/16
71662003203,CRAYOLA WHITE CHALK 12PCS,1,0,1,3.19,, 文具版,,其他笔类,非书类,0,2025/4/22
2221131089506,凡高狼毫画笔2号,1,0,1,2.3,, 文具版,,其他笔类,非书类,7,2021/6/28
4710609750119,雄狮CB-30R 小楷墨笔（黑）,1,0,1,4.7,, 文具版,,其他笔类,非书类,0,2025/6/30
2221131107323,幸运签封口夹,1,0,1,7,, 文具版,,其他礼品,非书类,5,2025/6/15
2221131107330,小乌龟毛绒公仔,1,0,1,6,, 文具版,,其他礼品,非书类,22,2025/6/15
9789577413093,我知道的秘密,0,1,1,30.69,2020/11/1, 台版,春天,侦探推理小说,中文书,1,2023/5/14
9787101107241,中华经典名著全本全注全译丛书──论语．大学．中庸,1,0,1,14.3,2015/2/1, 国版,中华书局(北京),先秦哲学及其研究,中文书,1,2025/2/19
9787108073815,庄子浅说,1,0,1,16,2022/10/1, 国版,三联书店(北京),先秦哲学及其研究,中文书,2,2024/12/4
9787510414176,道德经大全集（超值金版）,1,0,1,16,2011/3/1, 国版,新世界出版社,先秦哲学及其研究,中文书,0,2025/2/19
9787511337924,彩图全解四书五经（超值全彩白金版）（精）,1,0,1,37.3,2013/9/1, 国版,中国华侨出版社,先秦哲学及其研究,中文书,0,2025/2/19
9787545524031,周易全集/中华传统文化核心读本,1,0,1,21.9,2017/4/1, 国版,天地出版社,先秦哲学及其研究,中文书,1,2024/6/3
9787559800268,老子选译（汉英对照）,1,0,1,39,2017/12/1, 国版,广西师范大学出版社,先秦哲学及其研究,中文书,0,2022/11/14
9787508696546,和我一起唱──五只小鸭子（中英双语）,1,0,1,27.4,2019/1/1, 国版,中信出版社,儿歌,中文书,0,2024/12/4
9787552314373,儿童歌曲器乐演奏启蒙──琵琶,1,0,1,13.5,2017/11/1, 国版,上海音乐出版社、上海文艺音像电子出版社,儿童及少年艺术,中文书,0,2019/8/22
9787552314410,儿童歌曲器乐演奏启蒙──钢琴,1,0,1,21,2017/11/1, 国版,上海音乐出版社,儿童及少年艺术,中文书,0,2018/7/15
4718009463585,别把老虎吵醒了（★中英双语★百叶窗变脸书）,1,0,1,24.4,2024/12/20, 台版,大石国际文化有限公司,儿童图书 (4-8岁) \ 其他,中文书,1,2025/5/23
9787534490187,学前必备描红本·汉字描红·人物篇,1,0,1,7.2,2015/5/1, 国版,江苏凤凰美术出版社,儿童图书 (4-8岁) \ 其他,中文书,4,2025/2/19
9787539152486,汉字练习本 下:手写字词 临摹提高,1,0,1,1.7,2010/1/1, 国版,二十一世纪出版社,儿童图书 (4-8岁) \ 其他,中文书,0,2023/12/14
9787539556499,蜗牛成长树（有声版）——上学小手册52则,1,0,1,7.4,2016/5/1, 国版,福建少年儿童出版社,儿童图书 (4-8岁) \ 其他,中文书,2,2021/11/21
9787544822602,美国经典幼儿数学游戏（4-5岁）,1,0,1,10.7,2012/1/1, 国版,接力出版社,儿童图书 (4-8岁) \ 其他,中文书,2,2013/6/19
9787544863155,我们来建造,1,0,1,34,2021/1/1, 国版,接力出版社,儿童图书 (4-8岁) \ 其他,中文书,2,2021/10/10
9787549845859,幼小衔接同步一日一练：数学（2）,1,0,1,5.9,2020/10/1, 国版,吉林摄影出版社,儿童图书 (4-8岁) \ 其他,中文书,5,2024/12/4
9787549845897,幼小衔接同步一日一练：20以内加减法,1,0,1,5.9,2020/10/1, 国版,吉林摄影出版社,儿童图书 (4-8岁) \ 其他,中文书,2,2024/8/29
9789620872273,新雅幼儿互动点读图典及拼字套装[新雅‧点读乐园],0,1,1,150,2019/7/3,集团版,新雅文化事业有限公司,儿童图书 (4-8岁) \ 其他,中文书,1,2024/10/5
9789888912452,我爱幼儿园系列︰跳跳猴会照顾自己,1,0,1,19.1,2025/1/25,集团版,中华教育,儿童图书 (4-8岁) \ 其他,中文书,2,2025/4/30
9787122266217,养生堂之养生厨房,1,0,1,19.9,2016/9/1, 国版,化学工业出版社,保健食疗,中文书,0,2016/12/21
9787538895148,24节气轻食养生法,1,0,1,22.5,2018/8/1, 国版,黑龙江科学技术出版社,保健食疗,中文书,0,2019/3/27
9789576636479,豆浆力－－101道对症养生豆浆配方,1,0,1,19.6,2011/8/1, 台版,文经出版社有限公司,保健食疗,中文书,0,2014/9/15
9789621453709,肠道排毒这样吃效果佳,1,0,1,22.9,2014/1/1,集团版,万里机构‧万里书店,保健食疗,中文书,0,2014/7/11
43100752127,Mead 80 Security Envelopes (3.58X6.5 inch),1,0,1,5,, 文具版,,信封,非书类,0,2024/10/13
2221131013587,航空信封 10.5×24CM(20个),1,0,1,3.5,, 文具版,,信封,非书类,104,2024/7/1
9787111495482,被讨厌的勇气──“自我启发之父”阿德勒的哲学课,1,0,1,32.1,2015/4/1, 国版,机械工业出版社,人生哲学,中文书,0,2025/5/23
9572031066,观音菩萨（附光盘）,1,0,1,22.9,2001/8/1, 台版,全佛文化事业有限公司,佛教 \ 其他,中文书,0,2025/5/23
9787564921521,国学新读本.六祖坛经,1,0,1,18.15,2016/10/1, 国版,河南大学出版社,佛教经典,中文书,0,2022/11/14
6942310500082,四色彩层纸便利贴,1,0,1,2.3,, 文具版,,便条纸,非书类,12,2024/6/6
9789888599417,富足家庭ABC,1,0,1,41.4,2020/4/1, 港版,天窗出版社,个人投资理财,中文书,0,2022/1/11
9787515802091,洛克菲勒留给儿子的38封信,1,0,1,16.3,2012/10/1, 国版,中华工商联合出版社,个人财务管理,中文书,0,2025/5/23
4717335400806,林三益 15格毛边纸（100张入）,1,0,1,7,, 文具版,,九宫格纸,非书类,67,2025/3/12
9786267156841,圈套（艾迪．弗林系列5）,0,1,1,31.5,2023/6/1, 台版,马可孛罗,侦探推理小说,中文书,1,2025/5/23
9787547749920,世界末日前的谋杀,1,0,1,29,2024/12/1, 国版,北京日报出版社,侦探推理小说,中文书,0,2025/5/23
9787549637317,足利女童连续失踪事件,1,0,1,27,2022/7/1, 国版,文汇出版社,侦探推理小说,中文书,2,2024/2/28
2221131053590,小提琴音准微调器,1,0,1,3,, 文具版,,其他文娱礼品类,非书类,5,2025/7/5
6928141085011,威禹033卡套,1,0,1,1.2,, 文具版,,其他其他文仪用品类,非书类,0,2025/6/30
9787513549752,跟普京学俄语──普京演讲集（俄汉对照）（精）,1,0,1,20,2014/8/1, 国版,外语教学与研究出版社,其他外语 \ 其他,中文书,0,2015/4/29
2221131006015,箫,1,0,1,4,, 文具版,,其他文娱礼品类,非书类,5,2020/10/1
2221131012078,敦煌型二胡外弦,1,0,1,5.8,, 文具版,,其他文娱礼品类,非书类,27,2025/2/20
2221131012092,敦煌型二胡内弦,1,0,1,6.5,, 文具版,,其他文娱礼品类,非书类,30,2025/2/20
2221131082347,骰盅,1,0,1,5,, 文具版,,其他文娱礼品类,非书类,9,2017/12/11
2221131084174,迪海苦竹笛子,1,0,1,49,, 文具版,,其他文娱礼品类,非书类,4,2023/1/29
2221131087236,紫檀紫竹特级二胡弓,1,0,1,31,, 文具版,,其他文娱礼品类,非书类,3,2023/8/21
9787535396761,小宝贝学前金卡──无图识字(1),1,0,1,7.65,2013/12/1, 国版,长江少年儿童出版社,儿童常识,中文书,2,2023/4/24
9787539551395,蜗牛成长树（有声版）──安全故事55则,1,0,1,7.4,2015/4/1, 国版,福建少年儿童出版社,儿童常识,中文书,0,2021/10/28
9787539551418,蜗牛成长树（有声版）──自救故事54则,1,0,1,7.4,2015/4/1, 国版,福建少年儿童出版社,儿童常识,中文书,0,2021/10/28
9787515107790,婴幼儿心理学,1,0,1,27.4,2020/12/1, 国版,西苑出版社,儿童心理学,中文书,2,2022/5/25
9787507227406,巫婆村·好品格养成所（拼音美绘版）1 ：个性与宽容,1,0,1,12.5,2019/8/1, 国版,中国中福会出版社,儿童文学,中文书,0,2021/3/31
9787539559247,蜗牛童话房子·老皮克和小皮克,1,0,1,8.4,2017/5/1, 国版,福建少年儿童出版社,儿童文学,中文书,2,2021/11/21
9787539559254,蜗牛童话房子·面包狼和皮皮,1,0,1,8.4,2017/5/1, 国版,福建少年儿童出版社,儿童文学,中文书,1,2021/11/21
9787539567303,一起读童诗,1,0,1,11.5,2019/10/1, 国版,福建少儿出版社,儿童文学,中文书,0,2020/11/25
9787558310812,小屁孩日记（4）--偷鸡不成蚀把米,0,1,1,13.8,2018/4/1, 国版,新世纪出版社,儿童文学,中文书,3,2024/12/4
9787558310836,小屁孩日记（6）--可怕的炮兵学校,0,1,1,13.8,2018/4/1, 国版,新世纪出版社,儿童文学,中文书,2,2024/6/3
9787558310843,小屁孩日记（7）--从天而降的巨债,0,1,1,13.8,2018/4/1, 国版,新世纪出版社,儿童文学,中文书,1,2025/2/19
9787558310850,小屁孩日记（8）--“头盖骨要晃机”的幸存者,0,1,1,13.8,2018/4/1, 国版,新世纪出版社,儿童文学,中文书,1,2024/6/3
9787558310867,小屁孩日记（9）--老妈不在家,0,1,1,13.8,2018/4/1, 国版,新世纪出版社,儿童文学,中文书,0,2024/6/3
9787558900501,逃走的熊班长,0,1,1,8.5,2017/1/1, 国版,少年儿童出版社,儿童文学,中文书,1,2019/3/27
9787539556505,蜗牛成长树（有声版）——家的小奥秘52则,1,0,1,7.4,2016/5/1, 国版,福建少年儿童出版社,儿童百科全书,中文书,1,2021/11/21
9787539556512,蜗牛成长树（有声版）——户外大探索52则,1,0,1,7.4,2016/5/1, 国版,福建少年儿童出版社,儿童百科全书,中文书,2,2021/11/21
9787539556529,蜗牛成长树（有声版）——出行小约定52则,1,0,1,7.4,2016/5/1, 国版,福建少年儿童出版社,儿童百科全书,中文书,2,2021/11/21
9789869262361,生物课好好玩──48堂课╳12篇生物先修班，一年四季轻松学生物的超强课表！,1,0,1,25.2,2016/4/1, 台版,小麦田,儿童科普读物,中文书,7,2016/12/25
9787100039871,牛津幼儿英汉彩图词典（附1光盘）,1,0,1,18.9,2003/12/1, 国版,商务印书馆(北京)、牛津大学出版社(中国)有限公司,儿童语言学习,中文书,11,2023/5/24
9787513518727,小爱因斯坦探索双语故事──独立飞行日,1,0,1,6.7,2012/6/1, 国版,外语教学与研究出版社,儿童语言学习,中文书,2,2015/5/7
9787530164129,幼儿数学认知游戏－－3-4岁（第一册）,1,0,1,16.4,2022/8/1, 国版,北京少年儿童出版社,儿童读物 \ 其他,中文书,2,2024/8/29
9787530164150,幼儿数学认知游戏－－4-5岁（第二册）,1,0,1,16.4,2022/8/1, 国版,北京少年儿童出版社,儿童读物 \ 其他,中文书,3,2024/8/29
9789887522843,一本正经学古文,0,1,1,29.04,2020/12/1, 港版,小天地,儿童读物 \ 其他,中文书,1,2022/9/25
9787313180346,华夏万卷.田英章硬笔书法入门教程.楷书笔划偏旁,1,0,1,12.1,2017/10/1, 国版,上海交通大学出版社,中国书法刻印,中文书,0,2025/2/19
9787501000920,汉礼器碑,1,0,1,9.9,1983/1/6, 国版,文物出版社,中国书法刻印,中文书,1,2024/8/29
9787501048793,汉西狭颂(修订版)——历代碑帖法书选,1,0,1,8.8,2017/1/1, 国版,文物出版社,中国书法刻印,中文书,0,2024/8/29
9787501071876,清邓石如隶书-清邓石如隶书,1,0,1,7,2021/9/1, 国版,文物出版社,中国书法刻印,中文书,1,2025/5/23
9787501079957,元赵孟俯书洛神赋-历代碑帖法书选,1,0,1,6.1,2023/10/1, 国版,文物出版社,中国书法刻印,中文书,0,2025/5/23
9787512024465,楷书名品 上卷,1,0,1,47.8,2017/3/1, 国版,线装书局,中国书法刻印,中文书,1,2024/8/29
9787512024472,楷书名品（下）,1,0,1,51.3,2017/3/1, 国版,线装书局,中国书法刻印,中文书,3,2024/12/4
9787513816724,中国书法自学丛书·行书自学教程（汉英）,0,1,1,34.5,2019/1/1, 国版,华语教学出版社,中国书法刻印,中文书,5,2025/5/20
9787532631193,智永草书千字文,1,0,1,14.5,2010/7/1, 国版,上海辞书出版社,中国书法刻印,中文书,0,2021/12/30
9787532633906,王献之墨迹选,1,0,1,20,2011/5/1, 国版,上海辞书出版社,中国书法刻印,中文书,3,2025/2/25
9787538763744,时代写字硬笔书法系列——弟子规——楷书,1,0,1,9.9,2020/7/1, 国版,时代文艺出版社,中国书法刻印,中文书,8,2024/2/28
9787539338514,百字精讲精练·九成宫醴泉铭,1,0,1,19.25,2018/9/1, 国版,福建美术出版社,中国书法刻印,中文书,1,2023/4/24
9787539442730,墨点字帖－－传世碑帖精选·智永真草千字文,1,0,1,8.2,2011/11/1, 国版,湖北美术出版社,中国书法刻印,中文书,1,2025/5/23
9787539492391,颜真卿楷书集字春联,1,0,1,21,2017/11/1, 国版,湖北美术出版社,中国书法刻印,中文书,2,2025/5/23
9787566609496,张天姥硬笔行书墨迹精品选——兰亭集序、滕王阁序,1,0,1,7,2015/9/1, 国版,河北大学出版社,中国书法刻印,中文书,3,2025/5/23
9787571215712,颜真卿小楷．千字文,1,0,1,12.8,2023/3/1, 国版,湖北美术出版社,中国书法刻印,中文书,0,2025/5/23
6974102660070,马里牌 7312L 管装 12色水粉画颜料,1,0,1,20,, 文具版,,中国画颜料,非书类,12,2025/7/12
9787534054785,历代经典名画高清本──竹子精选,1,0,1,17.6,2016/12/1, 国版,浙江人民美术出版社,中国绘画,中文书,2,2024/8/29
9787102075891,齐白石──游鱼,1,0,1,23.2,2016/11/1, 国版,人民美术出版社,中国绘画家及其作品,中文书,0,2025/5/23
9787538895063,百姓爱吃的小炒菜,1,0,1,19.9,2018/3/1, 国版,黑龙江科学技术出版社,中国菜式,中文书,0,2019/11/27
9787543657618_1,美味厨房系列－－拿手快炒123,1,0,1,8.1,2011/1/1, 国版,青岛出版社,中国菜式,中文书,0,2012/11/20
9789621437822,简易甜品,1,0,1,25.5,2008/11/1,集团版,万里机构．饮食天地出版社,中国菜式,中文书,1,2013/1/23
9789621443861,夏日汤水清凉补,1,0,1,15.6,2010/7/1,集团版,万里机构‧饮食天地,中国菜式,中文书,0,2012/6/19
9789621453723,中华精品烹饪大系－－鱼鲜,1,0,1,35.4,2014/1/1,集团版,万里机构‧饮食天地,中国菜式,中文书,0,2023/5/24
9789621454058,在家烧一手好菜,1,0,1,20.4,2014/1/1,集团版,万里机构‧万里书店,中国菜式,中文书,1,2015/11/16
9780999694695,Journaling in Chinese 广东话普通话台山话,1,0,1,29.99,2023/1/1,外文版,Inspirlang Inc,中国语言文字 \ 其他,中文书,0,2024/9/29
9789570854961,战火中国1937-1952──流转的胜利与悲剧，近代新中国的内爆与崛起,1,0,1,39.2,2020/11/5, 台版,联经出版事业股份有限公司,中国近代史,中文书,0,2024/5/15
9789881588159,你所不知道的义和团运动真相,1,0,1,15.6,2012/3/1,集团版,香港中和出版有限公司,中国近代史,中文书,0,2012/5/26
9789888862993,晚清大变局（增订版）平装,1,0,1,39.5,2024/12/25,集团版,中华书局(香港)有限公司,中国近代史,中文书,0,2025/4/30
9787101072327,陈寅恪先生年谱长编（初稿）（精）,1,0,1,22.5,2010/4/1, 国版,中华书局(北京),中国近代哲学及其研究,中文书,1,2012/6/19
9787214132963,中国通史,1,0,1,15.4,2014/11/1, 国版,江苏人民出版社,中国通史及文化,中文书,1,2024/12/4
9787510863134,中华文化十二讲（大字本）,1,0,1,17.5,2018/1/1, 国版,九州岛出版社,中国通史及文化,中文书,0,2018/7/15
9787511364333,中华上下五千年-历史学习的精典读本-全彩图解典藏版,1,0,1,21.9,2017/2/1, 国版,中国华侨出版社,中国通史及文化,中文书,1,2024/12/4
9787549632725,半小时漫画中国史(5),1,0,1,22.5,2020/9/1, 国版,文汇出版社,中国通史及文化,中文书,1,2021/1/12
9787101159660,《金史》丛考,1,0,1,44,2022/11/1, 国版,中华书局,中国历史,中文书,1,2023/4/24
9786267149447,光辉岁月‧香港百年II——追星、炒楼、钱钱钱，那段繁荣发展与创造奇迹的黄金年代,1,0,1,30.8,2023/1/1, 台版,创意市集,中国历史专题史,中文书,0,2025/3/10
9789865534448,香港百年－－住公屋、饮杯茶、赌马仔，寻访在地旧情怀，重温久违人情味,1,0,1,31.1,2021/7/1, 台版,创意市集,中国历史专题史,中文书,0,2025/5/23
9789866182105,北美华埠－－昔日的风云与当今的风华,1,0,1,35,2013/1/1, 台版,文华图书馆管理信息股份有限公司,中国历史专题史,中文书,8,2014/7/17
9789869938198,湖南人与现代中国──革命家与他们的产地,1,0,1,31.5,2021/3/17, 台版,卫城,中国历史专题史,中文书,0,2022/5/9
9789882193512,香港的地名与地方历史（上）──港岛与九龙,1,0,1,29.5,2011/4/1, 港版,天地图书有限公司,中国历史专题史,中文书,1,2024/5/12
9789888807918,回归‧情义25载,1,0,1,39.5,2022/7/13,集团版,中华书局(香港)有限公司,中国政治,中文书,1,2024/5/13
9787108041531,邓小平时代,1,0,1,40.8,2013/1/18, 国版,三联书店(北京),中国政治人物传记,中文书,0,2024/12/4
9787532591879,苏轼诗词文选评,1,0,1,19.3,2019/4/1, 国版,上海古籍出版社,中国文学 \ 其他,中文书,0,2024/6/3
9789620444784,粤语（香港话）入门：从零基础到粤语通,1,0,1,22.4,2019/7/2,集团版,三联书店(香港)有限公司,中国方言,中文书,0,2024/10/5
962201920X,红太阳是怎样升起的──延安整风运动的来龙去脉,1,0,1,52.5,2000/1/1, 港版,中文大学出版社,中国现代史,中文书,0,2024/12/25
9780190837686,怎忍青史尽成灰──文革政治史批判笔记,1,0,1,35,2021/6/1,外文版,牛津大学出版社(中国)有限公司,中国现代史,中文书,37,2023/7/26
9789888675258,写给香港人的中国现代史‧上册──从辛亥革命到联俄容共,1,0,1,39.5,2020/4/7,集团版,中华书局(香港)有限公司,中国现代史,中文书,1,2025/3/6
9789888760817,写给香港人的中国现代史‧下册──从西安事变到新中国成立,1,0,1,42,2022/5/5,集团版,中华书局(香港)有限公司,中国现代史,中文书,1,2025/3/6
9789621456960,200道锅煮轻松做,1,0,1,29.4,2015/1/1,集团版,万里机构‧饮食天地,中式小食,中文书,0,2017/10/3
9789621457134,200道意大利面料理喱轻松做,1,0,1,29.4,2015/1/1,集团版,万里机构‧饮食天地,中式小食,中文书,0,2015/4/30
9787111760146,AI写作——用AI倍速提升写作效率,1,0,1,33.8,2024/7/1, 国版,机械工业出版社,中文写作,中文书,1,2025/2/19
10026215,山海经,1,0,1,3.9,, 国版,,中文杂志 \ 其他,中文书,0,2025/3/4
10058877,家庭-半月版,1,0,1,3,, 国版,,中文杂志 \ 其他,中文书,0,2025/7/24
6931256630403,双鱼1A+E乒乓球拍直拍,1,0,1,27,, 文具版,,乒乓球用品,非书类,1,2022/9/25
6933509106185,狂神0618乒乓球拍,1,0,1,30,, 文具版,,乒乓球用品,非书类,21,2024/6/6
4906901203181,Butterfly蝴蝶三星乒乓球R40+(3个装),1,0,1,11,, 文具版,,乒乓球用品,非书类,3,2024/6/6
6901295010795,红双喜赛顶D40+三星乒乓球白色 (10个),1,0,1,23,, 文具版,,乒乓球用品,非书类,9,2025/2/20
6901295480710,红双喜DHS 15号胶水 乒乓球拍粘合剂 50ml,1,0,1,18,, 文具版,,乒乓球用品,非书类,2,2024/5/22
6901295480826,红双喜 RP03胶皮清洁剂,1,0,1,15.5,, 文具版,,乒乓球用品,非书类,5,2024/10/7
6901295489034,红双喜乒乓球拍5006直拍,1,0,1,92,, 文具版,,乒乓球用品,非书类,3,2025/2/20
6901295489546,红双喜乒乓球拍5002横拍,1,0,1,92,, 文具版,,乒乓球用品,非书类,2,2025/2/20
9789621443212,餐桌上的中药－－百合,1,0,1,11.4,2010/8/1,集团版,万里机构．得利,中草药学,中文书,0,2015/9/10
9786267486047,中西医结合——中医常见内分泌疾病诊治心法（二版）,1,0,1,59.4,2024/11/15, 台版,宏道文化,中西医学结合,中文书,0,2025/5/23
9787539077215,徐文兵讲黄帝内经前传,1,0,1,45,, 国版,江西科学技术出版社,中医典籍,中文书,1,2024/12/4
9787521411218,伤寒论述义,1,0,1,11,2019/9/1, 国版,中国医药科技出版社,中医基础理论,中文书,0,2024/6/3
9787502384807,女人不可不知的小秘方,1,0,1,19.8,2014/1/1, 国版,科学技术文献出版社,中医妇科学,中文书,1,2025/2/19
9787521434620,老中医施祛湿防治200题,1,0,1,32.5,2022/11/1, 国版,中国医药科技出版社,中医学 \ 其他,中文书,0,2023/7/3
9787532303137,中医伤科学(供中医专业用),1,0,1,20.9,1985/12/1, 国版,上海科学技术出版社,中医学 \ 概论,中文书,0,2022/11/14
9787117345521,医学心悟,1,0,1,21.5,2023/3/1, 国版,人民卫生出版社,中医临床,中文书,0,2023/10/31
9787117346696,万病回春,1,0,1,28.6,2023/4/1, 国版,人民卫生出版社,中医临床,中文书,0,2023/10/31
9787101090482,摄生三要．养生三要,1,0,1,17.6,2013/1/1, 国版,中华书局(北京),中医养生学,中文书,0,2013/6/19
9787539073910,不疲劳的生活,1,0,1,26.4,2021/3/1, 国版,江西科学技术出版社,中医养生学,中文书,1,2023/1/29
9787571022761,了不起的中医养生妙招,1,0,1,30.8,2023/7/1, 国版,湖南科学技术出版社,中医养生学,中文书,1,2024/8/29
9787521717709,局外人,1,0,1,23.2,2020/6/1, 国版,中信出版社,世界文学作品,中文书,1,2025/5/23
9787522518954,不做告别,1,0,1,31.9,2023/11/1, 国版,九州岛出版社,世界文学作品,中文书,2,2025/2/19
9787530218426,从前我死去的家（2018版）（精）,1,0,1,27.2,2018/8/1, 国版,北京十月文艺出版社,世界文学作品,中文书,0,2024/2/28
9787532745449,香水（精）,1,0,1,20.9,2009/6/1, 国版,上海译文出版社,世界文学作品,中文书,0,2023/7/3
9787532776771,挪威的森林,1,0,1,35.8,2018/3/1, 国版,上海译文出版社,世界文学作品,中文书,0,2025/5/23
9787533936020,月亮与六便士,1,0,1,21.9,2017/1/1, 国版,浙江文艺出版社,世界文学作品,中文书,0,2024/12/4
9787533960421,白夜,1,0,1,20.5,2020/4/1, 国版,浙江文艺出版社,世界文学作品,中文书,1,2025/5/23
9787551169615,抓落叶,1,0,1,29,2024/1/1, 国版,花山文艺出版社,世界文学作品,中文书,1,2025/5/23
9787556125913,西西弗神话,1,0,1,26.8,2021/2/1, 国版,湖南人民出版社,世界文学作品,中文书,1,2025/5/23
9787559475619,飘（全2册）,1,0,1,59.7,2023/5/1, 国版,江苏凤凰文艺出版社,世界文学作品,中文书,0,2025/5/23
9787559873736,夜晚的游戏,1,0,1,33.8,2024/10/1, 国版,广西师范大学出版社,世界文学作品,中文书,1,2025/5/23
9787572604294,N号房追踪记,1,0,1,32.9,2021/12/30, 国版,湖南文艺出版社,世界文学作品,中文书,2,2024/12/4
9789620746048,1984,1,0,1,27,2020/5/25,集团版,商务印书馆(香港)有限公司,世界文学作品,中文书,3,2024/12/25
9789862626214,锌皮娃娃兵——聆听死亡的声音（华文世界唯一俄文直译，完整典藏版）,1,0,1,35,2023/4/1, 台版,猫头鹰,世界文学作品,中文书,3,2025/5/23
9789864779901,克拉拉与太阳（首刷限量烫色签名书衣）,0,1,1,32.34,2021/3/1, 台版,商周出版,世界文学作品,中文书,0,2022/11/8
9787100098021,现代世界的诞生(1780-1914),1,0,1,32.5,2013/7/1, 国版,商务印书馆(北京),世界历史专题史,中文书,0,2015/8/19
9787505741508,人类酷刑简史——揭秘文明面具下的恐怖人生,1,0,1,34.5,2018/2/1, 国版,中国友谊出版公司,世界历史专题史,中文书,0,2025/5/23
9789620765933,"The Practice of  ""One Country Two system"" Policy in Hong Kong",1,0,1,31.8,2017/5/23,集团版,The Commercial Press (H.K.) Ltd.,Social Science \ Other,英文书,1,2020/3/9
9789620449475,异国文学行脚,1,0,1,35.4,2022/3/14,集团版,三联书店(香港)有限公司,世界作家及其作品研究,中文书,1,2022/9/25
9787218111261,欧洲新燃点──一触即发的地缘战争与危机,1,0,1,22.5,2016/10/1, 国版,广东人民出版社,世界各国政治,中文书,0,2018/8/14
2222003680982,中国地图+世界地图（挂墙与桌面两用版）,1,0,1,22,2018/1/1, 国版,中国地图出版社,世界地图,中文书,13,2024/12/4
9787503161360,世界地图(1)——46000000（中英文对照）（对开）,1,0,1,2.8,2023/1/1, 国版,中国地图出版社,世界地图,中文书,0,2024/8/29
9787520425858,世界地图（外中对照）,1,0,1,11,2023/1/1, 国版,中国地图出版社,世界地图,中文书,0,2024/9/22
9789887026655,世界地图（最新版）,1,0,1,9.9,2024/11/1, 港版,香港协文出版社,世界地图,中文书,7,2025/4/24
9786263104365,男时女时（日本国民作家向田邦子离世前最后小说×散文珠玉集）,0,1,1,26.18,2023/4/1, 台版,麦田出版,世界文学作品,中文书,1,2023/9/21
9786267305317,要求特别多的餐厅——寻回失落初心的澄净原野，宫泽贤治经典短篇集（经典纪念版）,1,0,1,27.7,2023/6/14, 台版,大牌,世界文学作品,中文书,1,2025/5/23
9787208061644,追风筝的人,1,0,1,24.8,2006/5/1, 国版,上海人民出版社,世界文学作品,中文书,1,2024/6/3
9787222228450,芭芭雅嘎下了个蛋,1,0,1,33.8,2024/6/1, 国版,云南人民出版社,世界文学作品,中文书,2,2025/2/19
9787500173571,隐秘的涂鸦,1,0,1,34,, 国版,中译出版社有限公司,世界文学作品,中文书,1,2023/10/31
6951246380019,磁性中国象棋中号,1,0,1,25,, 文具版,,中国／国际象棋,非书类,6,2025/2/20
9787513528962,牛津英语习语词典（第2版）（英汉双解版）,1,0,1,20.9,2013/5/1, 国版,外语教学与研究出版社,Bilingual Dictionary,英文书,1,2024/9/22
9780999694602,Learn to Speak Cantonese I,1,0,1,21.99,2018/3/29,外文版,InspirLang,Chinese,英文书,0,2024/9/29
9780999694626,Learn to Speak Mandarin I,1,0,1,21.99,2019/7/2,外文版,InspirLang,Chinese,英文书,0,2024/9/29
9787532148004,繁花（全本珍藏版）,1,0,1,33.8,2013/3/1, 国版,上海文艺出版社,中国各体文学,中文书,3,2024/9/22
9787532181162,西游补──悟空的梦,1,0,1,30.25,2022/3/1, 国版,上海文艺出版社,中国各体文学,中文书,2,2023/1/12
9787532563258,柳南随笔．续笔,1,0,1,8.6,2012/12/1, 国版,上海古籍出版社,中国各体文学,中文书,1,2013/6/19
9787532563364,菽园杂记,1,0,1,7.2,2012/12/1, 国版,上海古籍出版社,中国各体文学,中文书,1,2013/6/19
9787532589296,(有集团版)宋词三百首评注（典藏版）（全二册）（精）,1,0,1,44,2018/7/1, 国版,上海古籍出版社,中国各体文学,中文书,0,2023/8/17
9787540481087,病隙碎笔（插图珍藏版）（精）,1,0,1,27.4,2017/7/1, 国版,湖南文艺出版社,中国各体文学,中文书,2,2025/2/19
9787544299770,万水千山走遍,1,0,1,27,2023/9/1, 国版,南海出版公司,中国各体文学,中文书,1,2025/5/23
9787547740989,俗女养成记,1,0,1,28,2021/10/1, 国版,北京日报出版社,中国各体文学,中文书,1,2025/5/23
9787108053664,万历十五年（精）,1,0,1,22,2015/8/1, 国版,三联书店(北京),中国古代史,中文书,1,2024/12/4
9789865548698,拿下全中国,1,0,1,37,2022/8/1, 台版,大是文化,中国古代史,中文书,1,2025/5/23
7805695709,诗韵合璧,1,0,1,22,1982/5/1, 国版,上海书店出版社,中国各体文学,中文书,0,2023/12/14
9571427756,十二楼,1,0,1,16.9,1998/4/1, 台版,三民书局股份有限公司,中国各体文学,中文书,0,2022/11/8
9571427853,平山冷燕,1,0,1,8.5,1998/2/1, 台版,三民书局股份有限公司,中国各体文学,中文书,0,2022/11/8
9786269702343,浮世蔷薇,1,0,1,29.3,2023/6/28, 台版,二0四六,中国各体文学,中文书,0,2024/7/14
9787229030933,三体(Ⅲ)──死神永生,1,0,1,20.9,2010/11/1, 国版,重庆出版社,中国各体文学,中文书,4,2024/9/11
9787506392914,人间有味是清欢,1,0,1,16.3,2017/1/1, 国版,作家出版社,中国各体文学,中文书,1,2025/5/23
9787506396295,红楼梦（插图典藏版）（上下）,1,0,1,34.5,2018/1/1, 国版,作家出版社,中国各体文学,中文书,4,2025/5/23
9787510859854,何以笙箫默（7周年精装珍藏版）,1,0,1,13.8,2017/11/1, 国版,九州岛出版社,中国各体文学,中文书,0,2024/9/22
9787519261191,闲话史记,1,0,1,26.4,2019/12/1, 国版,世界图书出版公司,中国各体文学,中文书,0,2023/7/3
9787555423027,陶庵梦忆,1,0,1,26.3,2024/6/1, 国版,广陵书社,中国各体文学,中文书,1,2025/5/23
9787559409614,我真的好喜欢你啊,1,0,1,21,2018/4/1, 国版,江苏凤凰文艺出版社,中国各体文学,中文书,0,2018/6/21
9787559665430,送你一颗子弹（纪念版）（精）,0,1,1,28.6,2023/1/1, 国版,北京联合出版公司,中国各体文学,中文书,0,2023/12/14
9787569914436,我决定活得有趣,1,0,1,22.5,2017/6/1, 国版,北京时代华文书局,中国各体文学,中文书,0,2019/3/27
9787573505989,三毛全集(09)——我的宝贝,1,0,1,33.8,2023/11/1, 国版,南海出版公司,中国各体文学,中文书,0,2025/5/23
9787807528029,黄兴．宋教仁．朱执信诗文选,1,0,1,10.4,2011/5/1, 国版,巴蜀书社,中国各体文学,中文书,1,2012/2/1
9789571445120,游仙窟．玉梨魂（合刊）,1,0,1,10,2007/8/1, 台版,三民书局股份有限公司,中国各体文学,中文书,1,2022/3/27
9789571452586,豆棚闲话照世杯（合刊）（二版）,1,0,1,16.94,2017/11/1, 台版,三民书局股份有限公司,中国各体文学,中文书,0,2022/11/8
9789571454658,新译尔雅读本,1,0,1,31.5,2011/5/1, 台版,三民书局股份有限公司,中国各体文学,中文书,0,2024/5/15
9789571468402,海上花列传（三版）,1,0,1,27.7,2020/8/21, 台版,三民书局股份有限公司,中国各体文学,中文书,1,2022/11/8
9789573335146,秧歌（张爱玲百岁诞辰纪念版）,1,0,1,21.2,2020/2/1, 台版,皇冠文化出版有限公司,中国各体文学,中文书,1,2025/5/23
9789573335276,小团圆（张爱玲百岁诞辰纪念版）,1,0,1,29.4,2020/5/1, 台版,皇冠文化出版有限公司,中国各体文学,中文书,1,2025/5/23
9789865824402,大唐李白－－将进酒,1,0,1,32.3,2015/4/27, 台版,新经典,中国各体文学,中文书,0,2024/10/7
9789887034124,从王土到共和－－「清末一代」古典诗人浅谈,1,0,1,29.5,2024/5/1, 港版,初文出版社有限公司,中国各体文学,中文书,0,2025/4/30
9789888258413,冯唐诗百首（一字不删本）,0,1,1,26.4,2018/3/1, 港版,天地图书有限公司,中国各体文学,中文书,2,2019/3/10
9787516200124,为了人的尊严－－中国古典政治哲学批判与重构,1,0,1,13.5,2012/4/1, 国版,中国民主法制出版社,中国哲学 \ 其他,中文书,1,2013/2/26
9789888489015,内圣外王──儒家的境界,1,0,1,26.4,2017/11/30,集团版,中华书局(香港)有限公司,中国哲学 \ 其他,中文书,1,2018/3/19
9787520425599,2022版中华人民共和国地图（英中对照）,1,0,1,11,2022/1/1, 国版,中国地图出版社,中国地图,中文书,4,2024/12/4
9789578654495,中国的灵魂－－后毛泽东时代的宗教复兴,1,0,1,45.5,2019/2/13, 台版,八旗,中国宗教 \ 其他,中文书,0,2020/8/30
9787800575983,藏北牧民──西藏那曲地区社会历史调查,1,0,1,14.4,2004/12/1, 国版,中国藏学出版社,中国少数民族研究,中文书,2,2014/5/8
9786267266304,中国的执念——日本资深媒体人野岛刚解读习近平强权体制下的台湾及香港,1,0,1,32.3,2023/9/7, 台版,今周刊,中国政治,中文书,1,2025/3/10
9787208126466,中国三部曲──中国触动．中国震撼．中国超越（全3册）（精）,1,0,1,99,2015/2/1, 国版,上海人民出版社,中国政治,中文书,1,2015/9/16
9787511384096,逻辑哲学论,0,1,1,24.75,2021/6/1, 国版,中国华侨出版社,逻辑学,中文书,0,2023/7/3
9787553793979,外国人每天都在用的日常口语,1,0,1,26.8,2018/8/1, 国版,江苏凤凰科学技术出版社,英语学习,中文书,1,2025/5/23
9787556427802,司马彦字帖‧英语课课练——四年级（下册）外研一起,1,0,1,15.4,2018/12/1, 国版,湖北教育出版社,英语学习,中文书,3,2024/12/4
9789578950719,每天3分钟，写手帐练出好英文──从单字到短句，天天记录生活，跨出英文写作第一步！,1,0,1,22.4,2018/11/1, 台版,采实文化事业股份有限公司,英语学习,中文书,0,2023/5/24
9789863182474,闯关！全民英检初级精选试题（附MP3）,1,0,1,39,2014/6/1, 台版,寂天文化事业股份有限公司,英语学习,中文书,1,2015/1/1
9789869452991,我们的英语自修课（附1MP3+2别册+防水书套）,1,0,1,31.4,2017/8/1, 台版,不求人文化,英语学习,中文书,0,2024/5/15
51131706330,3M Transparent Tape (3/4in X 300in),1,0,1,2.49,, 文具版,,胶纸,非书类,0,2025/4/22
6935205369857,得力801小号封箱器,1,0,1,6.5,, 文具版,,胶纸座,非书类,7,2020/10/25
9789881391988,音乐殊不简单！,1,0,1,38.4,2015/6/1, 港版,青森文化,临床心理学,中文书,0,2015/9/10
9786267116456,鼻过敏危机——正视过敏性鼻炎，从根源降低喉部疾病、胃食道逆流、牙齿疾病、忧郁症风险,1,0,1,27,2024/3/1, 台版,哈福,临床医学,中文书,1,2024/5/15
9789571360812,40岁起，疾病断舍离,1,0,1,15.4,2014/11/21, 台版,时报文化出版企业股份有限公司,临床医学,中文书,1,2015/3/19
9789623483216,轻松养生,0,1,1,29.4,2016/6/1, 港版,星岛出版社,临床医学,中文书,0,2018/10/30
9787102078755,人美画谱──郑板桥,0,1,1,27,2017/12/1, 国版,人民美术出版社,绘画理论,中文书,1,2025/2/19
9787514908862,怎样画虫,1,0,1,13.8,2014/4/1, 国版,中国书店出版社,绘画理论,中文书,0,2025/2/19
9787514909005,怎样画猫,1,0,1,12.8,2014/4/1, 国版,中国书店出版社,绘画理论,中文书,2,2025/5/23
9787514909012,怎样画犬,1,0,1,12.8,2014/4/1, 国版,中国书店出版社,绘画理论,中文书,4,2025/5/23
9787530219270,悲剧的诞生,1,0,1,24.8,2019/4/1, 国版,北京十月文艺出版社,美学,中文书,0,2025/2/19
9787505748811,20天比基尼减肥法,1,0,1,28,2020/5/14, 国版,中国友谊出版公司,美容健美 \ 其他,中文书,1,2021/10/10
9787807637929,美容教母90天肌肤大改造,1,0,1,14.4,2013/8/1, 国版,广西科学技术出版社,美容健美 \ 其他,中文书,2,2015/1/15
9787503146190,美国地图册,1,0,1,16.5,2008/1/1, 国版,中国地图出版社,美洲地图,中文书,3,2024/12/4
6901893873044,马里牌中性炭画铅笔,1,0,1,1.2,, 文具版,,美术字笔,非书类,111,2023/10/11
2221131094715,加厚手工毛边纸（34*69cm 70张）,1,0,1,13.5,, 文具版,,习字纸,非书类,10,2024/6/6
9789622933514,圣经－－和合本修订版（礼堂用黑色红边）上帝版,1,0,1,45,2010/10/1, 港版,香港圣经公会,圣经及圣经故事,中文书,4,2025/4/24
6955890260567,龙凤呈祥镂空红包(2个),1,0,1,2,, 文具版,,礼封／红包袋,非书类,59,2025/6/15
6970323811215,中柏牌小楷秀丽笔,1,0,1,4,, 文具版,,科学毛笔,非书类,0,2022/6/12
9787553520643,平面国,1,0,1,23.2,2020/8/1, 国版,上海文化出版社,科幻小说,中文书,0,2025/5/23
9787553671413,流浪的地球,1,0,1,14.5,2018/3/1, 国版,浙江教育出版社,科幻小说,中文书,0,2021/11/21
9786263619692,千奇百怪的世界趣闻与小知识——荣登亚马逊总榜第1名！超过1500个涵盖历史、科学、人文等63类五花八门的轶事趣闻与知识,1,0,1,32.5,2024/11/27, 台版,远流,科普读物,中文书,0,2025/5/23
9789620872464,龟兔赛跑(新雅‧点读乐园)[亲亲幼儿经典童话](修订版),1,0,1,10,2019/7/1,集团版,新雅文化事业有限公司,童话书,中文书,0,2020/3/11
2221131004196,HEART SHARPENER,1,0,1,1.5,, 文具版,,笔刨,非书类,299,2023/10/11
9789629321772,健康素食,1,0,1,30,2018/1/1, 港版,陈湘记图书有限公司,素食,中文书,0,2018/7/5
9787506053334,爱上自由经济－－关于市场最好的书,1,0,1,11.3,2012/9/1, 国版,东方出版社,经济学理论,中文书,0,2013/2/26
9787117188111,雷火灸疗法,1,0,1,17.5,2014/9/1, 国版,人民卫生出版社,经脉穴位,中文书,1,2015/1/18
2221131106975,大容量笔袋,1,0,1,5.5,, 文具版,,笔袋,非书类,14,2025/2/20
6921447446432,智牌ZP-150记号笔,1,0,1,1.9,, 文具版,,箱头笔,非书类,18,2025/2/20
9789579528573,九成的药不用吃！－－药物副作用更是疾病的来源！,1,0,1,25.4,2019/8/23, 台版,新自然主义股份有限公司,药理学,中文书,0,2023/3/9
9786267354117,一起去旅行——爱玩咖旅游英语（随扫即听 「旅游英语会话」语音文件 QR Code）,1,0,1,24.6,2023/10/1, 台版,凯信企管,英语学习,中文书,3,2024/7/14
10027270,健康指南（中老年）,1,0,1,3.5,, 国版,<健康指南>杂志社,卫生常识杂志,中文书,0,2025/7/24
6922711053011,广博订书针10号,1,0,1,1.35,, 文具版,,订书钉,非书类,87,2024/9/22
6921734944566,得力837ES计算器,1,0,1,11,, 文具版,,计算器,非书类,2,2024/6/6
9789573287933,150年历史的哈佛写作课秘诀－－让哈佛学生一生受益的写作课程，赢得读者信赖、提升文章价值的「O.R.E.O MAP」写作法则,1,0,1,26.95,2020/6/24, 台版,远流出版事业股份有限公司,记忆及思考,中文书,0,2022/1/11
2221131106876,4寸陶瓷调色盘,1,0,1,8,, 文具版,,调色碟／盒,非书类,3,2025/1/7
2221131106883,可搁笔三格调色盘,1,0,1,2.5,, 文具版,,调色碟／盒,非书类,20,2025/1/7
6926580500775,仿陶瓷梅花形调色碟,1,0,1,7.6,, 文具版,,调色碟／盒,非书类,35,2025/1/7
6938783600305,学生乐518跳绳,1,0,1,6.5,, 文具版,,跳绳,非书类,7,2024/6/6
9787101156515,孙子兵法（精）,1,0,1,14.3,2011/10/1, 国版,中华书局(北京),军事史,中文书,0,2025/1/13
9787500165965,孙子兵法（汉英对照）,1,0,1,28.6,2022/4/1, 国版,中国对外翻译出版公司,军事理论,中文书,1,2024/9/22
9787532560370,孙子章句训义,1,0,1,16.2,2011/11/1, 国版,上海古籍出版社,军事理论,中文书,0,2013/6/19
4717702084905,逆转老化时钟79招──逆龄乐活的养青春健康学，16位抗老专家的独门养生配方！（畅销改版）,1,0,1,18.9,2013/10/1, 台版,商周文化事业股份有限公司,医药卫生 \ 其他,中文书,1,2015/12/14
9789888395743,不药而治──从根源自疗慢性病,1,0,1,38.4,2018/3/1, 港版,天窗出版社,医药卫生 \ 其他,中文书,1,2018/11/30
72067338921,Ticonderoga 10 #2 Pencils,1,0,1,4.5,, 文具版,,铅笔,非书类,0,2023/10/11
9789867785886,轻食小餐包,1,0,1,19.6,2006/5/1, 台版,膳书房文化事业有限公司,西式小食,中文书,1,2014/3/11
9787549553914,美国地理史——或人类本性与人类心智的关系,1,0,1,15,2014/7/1, 国版,广西师范大学出版社,西方哲学 \ 其他,中文书,1,2015/1/18
9787100158480,作为意志和表像的世界（精）,0,1,1,47.5,2017/11/1, 国版,商务印书馆(北京),西方哲学家及其研究,中文书,0,2022/11/14
9786269785025,躺着背西班牙语单字1000 （附QR Code在线音档）,1,0,1,25.3,2023/11/1, 台版,哈福,西班牙语,中文书,0,2024/5/15
9787110079256,彩色全天星图,1,0,1,12.6,2012/12/1, 国版,科学普及出版社,观星,中文书,0,2013/5/29
6935205367808,Deli 0314加厚订书机,1,0,1,12,, 文具版,,订书机,非书类,4,2022/6/12
6935338881004,8100多纳HB铅芯（20支）,1,0,1,1.5,, 文具版,,铅芯,非书类,34,2023/10/11
6937168839378,HB-0.5mm铅芯 (20支),1,0,1,2,, 文具版,,铅芯,非书类,44,2025/2/20
6943333410013,美达H1001自动铅笔,1,0,1,2.5,, 文具版,,铅芯笔,非书类,23,2020/3/19
2221131100713,剑鱼30CM钢尺,1,0,1,5,, 文具版,,间尺,非书类,0,2022/11/30
2221131107859,USB充电软萌睡猫小夜灯,1,0,1,16,, 文具版,,电灯,非书类,3,2025/4/23
9787115519498,Adobe Photoshop CC 2019经典教程（彩色版）,1,0,1,54,2019/11/1, 国版,人民邮电出版社,计算机工程绘图软件,中文书,0,2021/6/15
9786263334885,ChatGPT 与 AI 绘图效率大师（第二版）——添加 GPT-4、Bing Chat、ChatGPT plugins 等全新章节，从日常到职场全方位应用，打造AI极简新生活,1,0,1,48.3,2023/5/31, 台版,博硕,计算机程序设计 \ 其他,中文书,1,2024/5/15
2221131107804,空白荣誉证书,1,0,1,10,, 文具版,,非文具及非其他,非书类,19,2025/6/15
9787567240407,青少年现代钢琴弹唱教程（基础篇）,1,0,1,16.5,2022/8/1, 国版,苏州大学出版社,音乐 \ 概论,中文书,0,2023/7/3
9787539053189,子宫卵巢，女人一切美好的开始,1,0,1,20,2015/7/1, 国版,江西科学技术出版社,预防病学 \ 其他,中文书,1,2015/11/7
9789574706150,毒家陷阱－－那些你以为对的，却毒死你的错误生活方式,1,0,1,17.5,2013/7/1, 台版,人本自然文化事业有限公司,预防病学 \ 其他,中文书,0,2013/9/24
9789621463036,一分钟超强听觉恢复法,1,0,1,26.4,2017/1/13,集团版,万里机构‧万里机构,预防病学 \ 概论,中文书,0,2018/9/17
962436401X,风水天地万年历(小),1,0,1,32.5,1999/10/1, 港版,聚贤馆文化有限公司,风水,中文书,0,2025/3/6
2221131102748,故宫瑞兽祥瑞笔袋,0,0,0,15.99,, 文具版,,笔袋,非书类,1,2025/7/12
7805538921,青少年学柳琴,0,0,0,9,2001/1/31, 国版,上海音乐出版社,中国音乐,中文书,0,2025/7/7
2221131100454,天鹅10孔口琴,0,0,0,15,, 文具版,,其他文娱礼品类,非书类,11,2025/7/5
9786263495647,我能管好我自己(1)——漫画小学生情绪管理,0,0,0,24.6,2024/2/1, 台版,采实文化,儿童图书 (9-12岁) \ 其他,中文书,3,2025/6/30
